Date,AGGG,FXI,HYG,S&P
10/11/2024,4.4,33.37,79.57,"5,815.03"
10/10/2024,4.4,33.22,79.36,"5,780.05"
10/09/2024,4.4,32.79,79.4,"5,792.04"
10/08/2024,4.41,33.33,79.45,"5,751.13"
10/07/2024,4.41,36.69,79.26,"5,695.94"
10/04/2024,4.41,35.71,79.6,"5,751.07"
10/03/2024,4.46,34.5,79.69,"5,699.94"
10/02/2024,4.46,35.48,79.88,"5,709.54"
10/01/2024,4.49,33.1,79.87,"5,708.75"
09/30/2024,4.49,31.78,80.3,"5,762.48"
09/27/2024,4.49,32.17,80.36,"5,738.17"
09/26/2024,4.49,31.92,80.16,"5,745.37"
09/25/2024,4.48,29.56,80.03,"5,722.26"
09/24/2024,4.49,30.4,80.12,"5,732.93"
09/23/2024,4.48,27.68,80.11,"5,718.57"
09/20/2024,4.48,27.15,80.26,"5,702.55"
09/19/2024,4.48,27.13,80.16,"5,713.64"
09/18/2024,4.49,26.19,79.92,"5,618.26"
09/17/2024,4.5,26.34,79.85,"5,634.58"
09/16/2024,4.51,26.01,79.83,"5,633.09"
09/13/2024,4.5,25.86,79.63,"5,626.02"
09/12/2024,4.47,25.71,79.41,"5,595.76"
09/11/2024,4.48,25.72,79.3,"5,554.13"
09/10/2024,4.46,25.46,79.18,"5,495.52"
09/09/2024,4.46,25.52,79.33,"5,471.05"
09/06/2024,4.48,25.5,79.14,"5,408.42"
09/05/2024,4.46,25.85,79.24,"5,503.41"
09/04/2024,4.44,25.98,78.97,"5,520.07"
09/03/2024,4.42,26.0,78.68,"5,528.93"
08/30/2024,4.42,26.46,79.34,"5,648.40"
08/29/2024,4.43,26.33,79.33,"5,591.96"
08/28/2024,4.44,26.14,79.25,"5,592.18"
08/27/2024,4.44,26.56,79.29,"5,625.80"
08/26/2024,4.44,26.27,79.24,"5,616.84"
08/23/2024,4.44,26.48,79.4,"5,634.61"
08/22/2024,4.41,26.07,78.98,"5,570.64"
08/21/2024,4.44,26.27,79.08,"5,620.85"
08/20/2024,4.42,26.0,78.9,"5,597.12"
08/19/2024,4.41,26.6,78.97,"5,608.25"
08/16/2024,4.39,26.36,78.84,"5,554.25"
08/15/2024,4.38,25.84,78.59,"5,543.22"
08/14/2024,4.4,25.32,78.52,"5,455.21"
08/13/2024,4.38,25.8,78.38,"5,434.43"
08/12/2024,4.37,25.65,78.02,"5,344.39"
08/09/2024,4.36,25.45,77.97,"5,344.16"
08/08/2024,4.35,25.49,77.98,"5,319.31"
08/07/2024,4.36,24.89,77.66,"5,199.50"
08/06/2024,4.37,24.78,77.51,"5,240.03"
08/05/2024,4.4,25.03,77.22,"5,186.33"
08/02/2024,4.39,25.2,77.7,"5,346.56"
08/01/2024,4.33,25.32,77.96,"5,446.68"
07/31/2024,4.32,25.68,78.54,"5,522.30"
07/30/2024,4.29,25.33,78.26,"5,436.44"
07/29/2024,4.29,25.56,78.22,"5,463.54"
07/26/2024,4.28,25.52,78.29,"5,459.10"
07/25/2024,4.27,25.39,78.04,"5,399.22"
07/24/2024,4.28,25.7,78.03,"5,427.13"
07/23/2024,4.27,25.99,78.28,"5,555.74"
07/22/2024,4.27,26.36,78.27,"5,564.41"
07/19/2024,4.26,25.82,77.98,"5,505.00"
07/18/2024,4.29,26.01,78.04,"5,544.59"
07/17/2024,4.35,26.25,78.2,"5,588.27"
07/16/2024,4.34,26.61,78.29,"5,667.20"
07/15/2024,4.33,26.61,77.99,"5,631.22"
07/12/2024,4.32,27.22,77.98,"5,615.35"
07/11/2024,4.33,26.94,77.78,"5,584.54"
07/10/2024,4.29,26.38,77.5,"5,633.91"
07/09/2024,4.28,26.5,77.32,"5,576.98"
07/08/2024,4.3,26.23,77.41,"5,572.85"
07/05/2024,4.29,26.44,77.43,"5,567.19"
07/03/2024,4.27,26.9,77.2,"5,537.02"
07/02/2024,4.25,26.43,76.93,"5,509.01"
07/01/2024,4.24,26.08,76.72,"5,475.09"
06/28/2024,4.27,25.99,77.14,"5,460.48"
06/27/2024,4.27,25.89,77.33,"5,482.87"
06/26/2024,4.27,26.52,77.24,"5,477.90"
06/25/2024,4.28,26.51,77.41,"5,469.30"
06/24/2024,4.28,26.72,77.31,"5,447.87"
06/21/2024,4.28,26.42,77.39,"5,464.62"
06/20/2024,4.28,26.88,77.3,"5,473.17"
06/18/2024,4.29,26.56,77.35,"5,487.03"
06/17/2024,4.27,26.5,77.11,"5,473.23"
06/14/2024,4.3,26.17,77.06,"5,431.60"
06/13/2024,4.28,26.39,77.36,"5,433.74"
06/12/2024,4.3,26.41,77.37,"5,421.03"
06/11/2024,4.25,26.47,77.06,"5,375.32"
06/10/2024,4.25,26.75,76.96,"5,360.79"
06/07/2024,4.27,26.5,76.89,"5,346.99"
06/06/2024,4.3,27.19,77.09,"5,352.96"
06/05/2024,4.29,27.2,77.22,"5,354.03"
06/04/2024,4.3,26.97,76.97,"5,291.34"
06/03/2024,4.27,26.76,77.01,"5,283.40"
05/31/2024,4.25,26.63,77.13,"5,277.51"
05/30/2024,4.25,27.15,76.86,"5,235.48"
05/29/2024,4.23,27.12,76.55,"5,266.95"
05/28/2024,4.26,27.56,76.78,"5,306.04"
05/24/2024,4.26,27.58,77.09,"5,304.72"
05/23/2024,4.25,27.63,76.82,"5,267.84"
05/22/2024,4.27,28.2,77.09,"5,307.01"
05/21/2024,4.28,28.56,77.26,"5,321.41"
05/20/2024,4.27,29.01,77.32,"5,308.13"
05/17/2024,4.28,29.33,77.28,"5,303.27"
05/16/2024,4.3,29.16,77.27,"5,297.10"
05/15/2024,4.3,28.33,77.45,"5,308.15"
05/14/2024,4.26,28.01,77.0,"5,246.68"
05/13/2024,4.25,28.36,76.88,"5,221.42"
05/10/2024,4.25,27.77,76.9,"5,222.68"
05/09/2024,4.26,27.4,77.02,"5,214.08"
05/08/2024,4.26,26.82,77.0,"5,187.67"
05/07/2024,4.27,26.92,77.18,"5,187.70"
05/06/2024,4.26,27.31,77.17,"5,180.74"
05/03/2024,4.26,27.33,77.08,"5,127.79"
05/02/2024,4.23,27.15,76.76,"5,064.20"
05/01/2024,4.19,25.68,76.29,"5,018.39"
04/30/2024,4.2,25.49,76.29,"5,035.69"
04/29/2024,4.21,26.11,76.85,"5,116.17"
04/26/2024,4.2,25.87,76.62,"5,099.96"
04/25/2024,4.19,25.44,76.38,"5,048.42"
04/24/2024,4.21,25.27,76.54,"5,071.63"
04/23/2024,4.22,24.8,76.71,"5,070.55"
04/22/2024,4.21,24.42,76.4,"5,010.60"
04/19/2024,4.21,24.01,75.98,"4,967.23"
04/18/2024,4.21,24.08,75.84,"5,011.12"
04/17/2024,4.21,23.65,75.78,"5,022.21"
04/16/2024,4.2,23.67,75.68,"5,051.41"
04/15/2024,4.22,23.92,75.93,"5,061.82"
04/12/2024,4.24,23.84,76.37,"5,123.41"
04/11/2024,4.23,24.7,76.41,"5,199.06"
04/10/2024,4.25,24.47,76.48,"5,160.64"
04/09/2024,4.29,24.59,77.16,"5,209.91"
04/08/2024,4.28,24.36,77.0,"5,202.39"
04/05/2024,4.29,24.19,76.82,"5,204.34"
04/04/2024,4.3,24.32,76.89,"5,147.21"
04/03/2024,4.28,24.45,76.95,"5,211.49"
04/02/2024,4.27,24.6,76.89,"5,205.81"
03/28/2024,4.31,24.07,77.73,"5,254.35"
03/27/2024,4.31,23.81,77.9,"5,248.49"
03/26/2024,4.3,23.84,77.49,"5,203.58"
03/25/2024,4.3,23.71,77.58,"5,218.19"
03/22/2024,4.3,23.68,77.7,"5,234.18"
03/21/2024,4.3,24.02,77.78,"5,241.53"
03/20/2024,4.3,24.13,77.82,"5,224.62"
03/19/2024,4.29,23.91,77.56,"5,178.51"
03/18/2024,4.29,24.03,77.25,"5,149.42"
03/15/2024,4.3,23.99,77.07,"5,117.09"
03/14/2024,4.31,24.14,77.12,"5,150.48"
03/13/2024,4.33,24.64,77.49,"5,165.31"
03/12/2024,4.33,24.56,77.46,"5,175.27"
03/11/2024,4.34,24.04,77.39,"5,117.94"
03/08/2024,4.35,23.47,77.4,"5,123.69"
03/07/2024,4.34,23.33,77.38,"5,157.36"
03/06/2024,4.32,23.53,77.29,"5,104.76"
03/05/2024,4.31,23.03,77.1,"5,078.65"
03/04/2024,4.29,23.39,77.16,"5,130.95"
03/01/2024,4.29,23.92,77.18,"5,137.08"
02/29/2024,4.29,23.42,77.33,"5,096.27"
02/28/2024,4.27,23.46,77.19,"5,069.76"
02/27/2024,4.28,24.32,77.2,"5,078.18"
02/26/2024,4.28,23.91,77.1,"5,069.53"
02/23/2024,4.29,24.12,77.35,"5,088.80"
02/22/2024,4.27,23.95,77.3,"5,087.03"
02/21/2024,4.27,23.59,76.93,"4,981.80"
02/20/2024,4.28,22.92,77.07,"4,975.51"
02/16/2024,4.27,23.07,76.91,"5,005.57"
02/15/2024,4.27,22.76,77.14,"5,029.73"
02/14/2024,4.26,22.67,76.87,"5,000.62"
02/13/2024,4.26,22.2,76.57,"4,953.17"
02/12/2024,4.28,22.72,77.19,"5,021.84"
02/09/2024,4.28,22.36,77.36,"5,026.61"
02/08/2024,4.28,22.1,77.2,"4,997.91"
02/07/2024,4.3,22.62,77.24,"4,995.06"
02/06/2024,4.29,23.13,77.11,"4,954.23"
02/05/2024,4.28,21.88,76.83,"4,942.81"
02/02/2024,4.31,21.41,77.19,"4,958.61"
02/01/2024,4.36,21.86,77.54,"4,906.19"
01/31/2024,4.34,21.76,77.48,"4,845.65"
01/30/2024,4.31,21.93,77.7,"4,924.97"
01/29/2024,4.3,22.29,77.8,"4,927.93"
01/26/2024,4.3,22.6,77.63,"4,890.97"
01/25/2024,4.3,22.75,77.69,"4,894.16"
01/24/2024,4.3,22.77,77.1,"4,868.55"
01/23/2024,4.29,22.11,77.14,"4,864.60"
01/22/2024,4.31,21.14,77.23,"4,850.43"
01/19/2024,4.29,21.68,77.17,"4,839.81"
01/18/2024,4.3,21.53,77.04,"4,780.94"
01/17/2024,4.29,21.45,76.88,"4,739.21"
01/16/2024,4.33,22.02,77.21,"4,765.98"
01/12/2024,4.36,22.73,77.7,"4,783.83"
01/11/2024,4.33,22.83,77.62,"4,780.24"
01/10/2024,4.39,22.49,77.37,"4,783.45"
01/09/2024,4.39,22.48,77.23,"4,756.50"
01/08/2024,4.41,22.94,77.11,"4,763.54"
01/05/2024,4.41,23.23,76.68,"4,697.24"
01/04/2024,4.4,23.36,76.62,"4,688.68"
01/03/2024,4.41,23.67,76.92,"4,704.81"
01/02/2024,4.43,23.24,77.13,"4,742.83"
12/29/2023,4.46,24.03,77.39,"4,769.83"
12/28/2023,4.48,23.88,77.69,"4,783.35"
12/27/2023,4.48,23.25,77.94,"4,781.58"
12/22/2023,4.45,23.05,77.47,"4,754.63"
12/21/2023,4.44,23.71,77.56,"4,746.75"
12/20/2023,4.42,22.91,77.21,"4,698.35"
12/19/2023,4.42,24.2,77.2,"4,768.37"
12/18/2023,4.4,23.88,76.98,"4,740.56"
12/15/2023,4.41,24.13,76.93,"4,719.19"
12/14/2023,4.42,24.18,77.1,"4,719.55"
12/13/2023,4.33,23.87,77.14,"4,707.09"
12/12/2023,4.31,23.95,75.98,"4,643.70"
12/11/2023,4.29,23.79,75.81,"4,622.44"
12/08/2023,4.3,23.7,75.86,"4,604.37"
12/07/2023,4.33,24.03,76.01,"4,585.59"
12/06/2023,4.32,23.95,75.88,"4,549.34"
12/05/2023,4.31,23.94,75.87,"4,567.18"
12/04/2023,4.29,24.31,75.8,"4,569.78"
12/01/2023,4.3,24.89,75.99,"4,594.63"
11/30/2023,4.28,25.16,75.71,"4,567.80"
11/29/2023,4.3,25.06,75.85,"4,550.58"
11/28/2023,4.28,25.71,75.44,"4,554.89"
11/27/2023,4.24,26.02,75.11,"4,550.43"
11/24/2023,4.24,26.36,75.0,"4,559.34"
11/22/2023,4.25,26.29,75.08,"4,556.62"
11/21/2023,4.26,26.16,74.95,"4,538.19"
11/20/2023,4.24,26.69,74.85,"4,547.38"
11/17/2023,4.23,26.12,74.77,"4,514.02"
11/16/2023,4.22,26.1,74.6,"4,508.24"
11/15/2023,4.2,27.21,74.5,"4,502.88"
11/14/2023,4.22,26.58,74.74,"4,495.70"
11/13/2023,4.15,26.02,73.99,"4,411.55"
11/10/2023,4.15,25.68,74.06,"4,415.24"
11/09/2023,4.17,25.76,73.7,"4,347.35"
11/08/2023,4.18,26.12,74.16,"4,382.78"
11/07/2023,4.16,26.31,74.12,"4,378.38"
11/06/2023,4.15,26.43,74.11,"4,365.98"
11/03/2023,4.17,26.35,74.41,"4,358.34"
11/02/2023,4.13,25.75,73.69,"4,317.78"
11/01/2023,4.09,25.48,72.87,"4,237.86"
10/31/2023,4.07,25.52,72.57,"4,193.80"
10/30/2023,4.08,25.94,72.38,"4,166.82"
10/27/2023,4.09,25.67,72.36,"4,117.37"
10/26/2023,4.07,25.58,72.45,"4,137.23"
10/25/2023,4.07,25.53,72.2,"4,186.77"
10/24/2023,4.08,26.06,72.59,"4,247.68"
10/23/2023,4.08,25.25,72.22,"4,217.04"
10/20/2023,4.08,25.03,71.93,"4,224.16"
10/19/2023,4.07,25.56,71.78,"4,278.00"
10/18/2023,4.07,26.01,72.04,"4,314.60"
10/17/2023,4.09,26.45,72.39,"4,373.20"
10/16/2023,4.1,26.65,72.73,"4,373.63"
10/13/2023,4.11,26.48,72.75,"4,327.78"
10/12/2023,4.11,26.68,72.81,"4,349.61"
10/11/2023,4.14,27.15,73.2,"4,376.95"
10/10/2023,4.13,26.89,73.21,"4,358.24"
10/09/2023,4.11,26.22,73.23,"4,335.66"
10/06/2023,4.1,26.23,72.69,"4,308.50"
10/05/2023,4.09,25.69,72.59,"4,258.19"
10/04/2023,4.08,25.53,72.52,"4,263.75"
10/03/2023,4.07,25.75,72.15,"4,229.45"
10/02/2023,4.1,26.37,72.89,"4,288.39"
09/29/2023,4.13,26.53,73.72,"4,288.05"
09/28/2023,4.11,26.26,73.83,"4,299.70"
09/27/2023,4.12,26.41,73.48,"4,274.51"
09/26/2023,4.13,26.35,73.58,"4,273.53"
09/25/2023,4.14,26.72,73.9,"4,337.44"
09/22/2023,4.17,27.14,74.0,"4,320.06"
09/21/2023,4.15,26.21,73.87,"4,330.00"
09/20/2023,4.19,26.79,74.4,"4,402.20"
09/19/2023,4.18,26.98,74.46,"4,443.95"
09/18/2023,4.18,27.05,74.69,"4,453.53"
09/15/2023,4.19,27.18,74.64,"4,450.32"
09/14/2023,4.2,27.3,74.92,"4,505.10"
09/13/2023,4.2,27.07,74.83,"4,467.44"
09/12/2023,4.19,27.3,74.63,"4,461.90"
09/11/2023,4.2,27.24,74.75,"4,487.46"
09/08/2023,4.2,26.88,74.62,"4,457.49"
09/07/2023,4.19,26.92,74.65,"4,451.14"
09/06/2023,4.18,27.71,74.4,"4,465.48"
09/05/2023,4.2,27.63,74.58,"4,496.83"
09/01/2023,4.23,28.04,75.07,"4,515.77"
08/31/2023,4.25,27.4,75.28,"4,507.66"
08/30/2023,4.25,27.76,75.33,"4,514.87"
08/29/2023,4.24,27.95,75.36,"4,497.63"
08/25/2023,4.2,26.77,74.61,"4,405.71"
08/24/2023,4.23,26.82,74.3,"4,376.31"
08/23/2023,4.23,26.7,74.71,"4,436.01"
08/22/2023,4.2,26.14,74.11,"4,387.55"
08/21/2023,4.19,26.15,74.07,"4,399.77"
08/18/2023,4.21,26.19,74.09,"4,369.71"
08/17/2023,4.2,26.85,74.04,"4,370.36"
08/16/2023,4.22,26.65,74.35,"4,404.33"
08/15/2023,4.23,27.21,74.58,"4,437.86"
08/14/2023,4.24,27.66,74.82,"4,489.72"
08/11/2023,4.24,27.92,74.83,"4,464.05"
08/10/2023,4.28,28.83,74.94,"4,468.83"
08/09/2023,4.28,28.6,74.96,"4,467.71"
08/08/2023,4.27,28.48,74.95,"4,499.38"
08/07/2023,4.27,29.02,74.79,"4,518.44"
08/04/2023,4.28,29.13,74.65,"4,478.03"
08/03/2023,4.26,29.55,74.21,"4,501.89"
08/02/2023,4.27,28.77,74.45,"4,513.39"
08/01/2023,4.28,29.68,74.77,"4,576.73"
07/31/2023,4.31,30.42,75.5,"4,588.96"
07/28/2023,4.32,30.08,75.32,"4,582.23"
07/27/2023,4.32,28.5,74.89,"4,537.41"
07/26/2023,4.33,28.97,75.49,"4,566.75"
07/25/2023,4.32,28.56,75.19,"4,567.46"
07/24/2023,4.33,28.21,75.24,"4,554.64"
07/21/2023,4.33,27.62,75.37,"4,536.34"
07/20/2023,4.33,27.6,75.18,"4,534.87"
07/19/2023,4.35,27.7,75.51,"4,565.72"
07/18/2023,4.36,27.52,75.45,"4,554.98"
07/17/2023,4.35,28.15,75.24,"4,522.79"
07/14/2023,4.35,28.29,75.1,"4,505.42"
07/13/2023,4.35,28.8,75.65,"4,510.04"
07/12/2023,4.37,28.16,75.2,"4,472.16"
07/11/2023,4.32,27.34,74.62,"4,439.26"
07/10/2023,4.31,27.16,74.22,"4,409.53"
07/07/2023,4.31,27.18,73.85,"4,398.95"
07/06/2023,4.28,26.6,73.78,"4,411.59"
07/05/2023,4.32,27.39,74.32,"4,446.82"
07/03/2023,4.32,27.71,74.55,"4,455.59"
06/30/2023,4.34,27.19,75.07,"4,450.38"
06/29/2023,4.32,26.94,74.71,"4,396.44"
06/28/2023,4.34,27.37,74.91,"4,376.86"
06/27/2023,4.34,27.6,74.48,"4,378.41"
06/26/2023,4.35,27.01,74.23,"4,328.82"
06/23/2023,4.34,26.87,74.19,"4,348.33"
06/22/2023,4.34,27.44,74.32,"4,381.89"
06/21/2023,4.35,27.5,74.54,"4,365.69"
06/20/2023,4.35,27.67,74.73,"4,388.71"
06/16/2023,4.36,28.91,74.93,"4,409.59"
06/15/2023,4.36,29.08,75.12,"4,425.84"
06/14/2023,4.35,28.45,74.76,"4,372.59"
06/13/2023,4.34,28.07,74.73,"4,369.01"
06/12/2023,4.34,27.75,74.64,"4,338.93"
06/09/2023,4.34,27.82,74.72,"4,298.86"
06/08/2023,4.34,27.79,74.7,"4,293.93"
06/07/2023,4.32,27.5,74.23,"4,267.52"
06/06/2023,4.33,27.99,74.64,"4,283.85"
06/05/2023,4.33,27.39,74.52,"4,273.79"
06/02/2023,4.35,27.43,74.58,"4,282.37"
06/01/2023,4.36,26.63,74.2,"4,221.02"
05/31/2023,4.33,25.97,74.11,"4,179.83"
05/30/2023,4.32,26.04,74.34,"4,205.52"
05/26/2023,4.29,26.83,74.02,"4,205.45"
05/25/2023,4.31,26.39,73.57,"4,151.28"
05/24/2023,4.33,26.94,73.62,"4,115.24"
05/23/2023,4.33,27.49,74.14,"4,145.58"
05/22/2023,4.34,28.35,74.53,"4,192.63"
05/19/2023,4.35,27.9,74.2,"4,191.98"
05/18/2023,4.34,28.05,74.12,"4,198.05"
05/17/2023,4.38,28.44,74.08,"4,158.77"
05/16/2023,4.38,28.74,73.88,"4,109.90"
05/15/2023,4.39,29.04,74.4,"4,136.28"
05/12/2023,4.41,27.79,74.42,"4,124.08"
05/11/2023,4.43,28.54,74.69,"4,130.62"
05/10/2023,4.42,28.24,74.81,"4,137.64"
05/09/2023,4.41,28.44,74.36,"4,119.17"
05/05/2023,4.43,28.67,74.76,"4,136.25"
05/04/2023,4.44,28.3,74.36,"4,061.22"
05/03/2023,4.44,27.56,74.58,"4,090.75"
05/02/2023,4.41,27.69,74.62,"4,119.58"
04/28/2023,4.42,28.33,75.36,"4,169.48"
04/27/2023,4.4,28.19,75.04,"4,135.35"
04/26/2023,4.42,27.8,74.79,"4,055.99"
04/25/2023,4.41,27.35,75.08,"4,071.63"
04/24/2023,4.39,28.11,75.2,"4,137.04"
04/21/2023,4.39,28.4,74.99,"4,133.52"
04/20/2023,4.39,28.82,74.76,"4,129.79"
04/19/2023,4.37,29.01,74.83,"4,154.52"
04/18/2023,4.39,29.37,75.13,"4,154.87"
04/17/2023,4.38,29.49,75.08,"4,151.32"
04/14/2023,4.4,28.71,75.28,"4,137.64"
04/13/2023,4.44,29.07,75.42,"4,146.22"
04/12/2023,4.42,28.41,74.91,"4,091.95"
04/11/2023,4.42,29.21,74.93,"4,108.94"
04/06/2023,4.45,29.29,74.84,"4,105.02"
04/05/2023,4.45,28.93,74.51,"4,090.38"
04/04/2023,4.44,29.27,74.93,"4,100.60"
04/03/2023,4.42,29.4,75.15,"4,124.51"
03/31/2023,4.4,29.53,75.55,"4,109.31"
03/30/2023,4.4,29.91,74.74,"4,050.83"
03/29/2023,4.4,29.41,74.3,"4,027.81"
03/28/2023,4.4,29.4,73.38,"3,971.27"
03/27/2023,4.4,28.24,73.42,"3,977.53"
03/24/2023,4.41,28.83,73.6,"3,970.99"
03/23/2023,4.43,28.95,73.75,"3,948.72"
03/22/2023,4.38,28.07,74.04,"3,936.97"
03/21/2023,4.38,27.98,73.97,"4,002.87"
03/20/2023,4.38,27.59,73.17,"3,951.57"
03/17/2023,4.38,27.61,73.37,"3,916.64"
03/16/2023,4.36,27.68,73.81,"3,960.28"
03/15/2023,4.36,27.33,73.33,"3,891.93"
03/14/2023,4.33,27.72,73.57,"3,919.29"
03/13/2023,4.36,27.54,73.04,"3,855.76"
03/10/2023,4.3,27.37,73.44,"3,861.59"
03/09/2023,4.25,27.39,73.43,"3,918.32"
03/08/2023,4.25,28.44,73.84,"3,992.01"
03/07/2023,4.25,28.75,74.19,"3,986.37"
03/06/2023,4.27,29.28,74.72,"4,048.42"
03/03/2023,4.26,29.61,74.72,"4,045.64"
03/02/2023,4.24,29.65,73.96,"3,981.35"
03/01/2023,4.26,29.12,73.87,"3,951.39"
02/28/2023,4.26,27.96,74.53,"3,970.15"
02/27/2023,4.26,28.28,74.67,"3,982.24"
02/24/2023,4.26,27.91,74.17,"3,970.04"
02/23/2023,4.29,28.78,74.62,"4,012.32"
02/22/2023,4.28,28.94,73.89,"3,991.05"
02/21/2023,4.29,29.19,73.41,"3,997.34"
02/17/2023,4.31,29.53,74.56,"4,079.09"
02/16/2023,4.32,30.14,74.27,"4,090.41"
02/15/2023,4.31,30.12,74.87,"4,147.60"
02/14/2023,4.34,30.36,74.99,"4,136.13"
02/13/2023,4.34,30.64,74.97,"4,137.29"
02/10/2023,4.34,30.14,74.78,"4,090.46"
02/09/2023,4.39,31.02,75.36,"4,081.50"
02/08/2023,4.37,30.45,75.85,"4,117.86"
02/07/2023,4.37,30.88,76.17,"4,164.00"
02/06/2023,4.38,30.62,75.9,"4,111.08"
02/03/2023,4.42,31.09,76.39,"4,136.48"
02/02/2023,4.48,31.87,77.2,"4,179.76"
02/01/2023,4.43,32.51,76.76,"4,119.21"
01/31/2023,4.41,31.8,76.33,"4,076.60"
01/30/2023,4.41,32.0,75.74,"4,017.77"
01/27/2023,4.42,33.23,76.16,"4,070.56"
01/26/2023,4.42,33.29,76.39,"4,060.43"
01/25/2023,4.43,32.86,76.2,"4,016.22"
01/24/2023,4.42,32.79,76.21,"4,016.95"
01/23/2023,4.41,32.85,76.16,"4,019.81"
01/20/2023,4.41,32.49,76.17,"3,972.61"
01/19/2023,4.44,31.7,76.02,"3,898.85"
01/18/2023,4.44,31.08,76.47,"3,928.86"
01/17/2023,4.42,31.39,76.38,"3,990.97"
01/13/2023,4.41,32.09,76.64,"3,999.09"
01/12/2023,4.39,31.64,76.64,"3,983.17"
01/11/2023,4.41,31.91,76.21,"3,969.61"
01/10/2023,4.38,31.59,75.71,"3,919.25"
01/09/2023,4.4,31.2,75.8,"3,892.09"
01/06/2023,4.37,31.2,75.53,"3,895.08"
01/05/2023,4.33,31.12,74.47,"3,808.10"
01/04/2023,4.34,31.19,74.62,"3,852.97"
01/03/2023,4.32,29.32,73.77,"3,824.14"
12/30/2022,4.32,28.3,73.63,"3,839.50"
12/29/2022,4.32,29.01,73.57,"3,849.28"
12/28/2022,4.31,28.16,72.63,"3,783.22"
12/23/2022,4.34,27.8,74.39,"3,844.82"
12/22/2022,4.34,27.96,74.2,"3,822.39"
12/21/2022,4.35,28.13,74.66,"3,878.44"
12/20/2022,4.35,27.36,74.03,"3,821.62"
12/19/2022,4.35,27.78,74.22,"3,817.66"
12/16/2022,4.36,27.94,74.6,"3,852.36"
12/15/2022,4.37,27.86,75.0,"3,895.75"
12/14/2022,4.4,28.54,75.68,"3,995.32"
12/13/2022,4.4,28.36,76.11,"4,019.65"
12/12/2022,4.36,28.61,75.33,"3,990.56"
12/09/2022,4.38,28.95,75.04,"3,934.38"
12/08/2022,4.38,29.1,75.04,"3,963.51"
12/07/2022,4.38,28.18,74.98,"3,933.92"
12/06/2022,4.37,28.8,74.57,"3,941.26"
12/05/2022,4.36,28.44,74.84,"3,998.84"
12/02/2022,4.36,28.53,75.56,"4,071.70"
12/01/2022,4.36,27.74,75.62,"4,076.57"
11/30/2022,4.28,28.16,75.66,"4,080.11"
11/29/2022,4.3,26.85,74.54,"3,957.63"
11/28/2022,4.31,25.55,74.22,"3,963.94"
11/25/2022,4.3,25.33,75.01,"4,026.12"
11/23/2022,4.29,25.77,75.16,"4,027.26"
11/22/2022,4.26,25.44,74.74,"4,003.58"
11/21/2022,4.24,25.69,74.2,"3,949.94"
11/18/2022,4.27,26.09,74.23,"3,965.34"
11/17/2022,4.26,26.93,74.07,"3,946.56"
11/16/2022,4.28,26.31,74.39,"3,958.79"
11/15/2022,4.26,26.91,74.55,"3,991.73"
11/14/2022,4.23,25.59,73.9,"3,957.25"
11/11/2022,4.23,25.45,74.45,"3,992.93"
11/10/2022,4.22,24.36,74.19,"3,956.37"
11/09/2022,4.12,22.96,71.95,"3,748.57"
11/08/2022,4.12,23.94,72.82,"3,828.11"
11/07/2022,4.1,23.96,72.89,"3,806.80"
11/04/2022,4.1,23.84,72.9,"3,770.55"
11/03/2022,4.05,22.16,72.4,"3,719.89"
11/02/2022,4.1,21.94,72.92,"3,759.69"
11/01/2022,4.1,21.84,73.59,"3,856.10"
10/31/2022,4.1,20.95,73.43,"3,871.98"
10/28/2022,4.11,21.54,74.55,"3,901.06"
10/27/2022,4.17,22.16,73.98,"3,807.30"
10/26/2022,4.14,22.76,73.44,"3,830.60"
10/25/2022,4.1,21.94,73.24,"3,859.11"
10/24/2022,4.04,21.53,72.54,"3,797.34"
10/21/2022,4.02,23.92,72.49,"3,752.75"
10/20/2022,4.04,23.77,71.8,"3,665.78"
10/19/2022,4.04,23.66,72.2,"3,695.16"
10/18/2022,4.06,24.7,72.9,"3,719.98"
10/17/2022,4.07,24.9,72.39,"3,677.95"
10/14/2022,4.05,24.16,71.51,"3,583.07"
10/13/2022,4.07,24.5,71.74,"3,669.91"
10/12/2022,4.06,24.71,71.58,"3,577.03"
10/11/2022,4.08,24.87,71.46,"3,588.84"
10/10/2022,4.07,25.57,71.24,"3,612.39"
10/07/2022,4.11,26.37,72.12,"3,639.66"
10/06/2022,4.14,27.01,73.01,"3,744.52"
10/05/2022,4.16,27.22,73.23,"3,783.28"
10/04/2022,4.2,27.02,73.52,"3,790.93"
10/03/2022,4.17,25.97,71.97,"3,678.43"
09/30/2022,4.14,25.86,71.39,"3,585.62"
09/29/2022,4.12,25.95,71.72,"3,640.47"
09/28/2022,4.11,26.82,72.4,"3,719.04"
09/27/2022,4.07,26.53,71.13,"3,647.29"
09/26/2022,4.11,26.77,71.28,"3,655.04"
09/23/2022,4.15,26.61,72.13,"3,693.23"
09/22/2022,4.19,26.97,73.06,"3,757.99"
09/21/2022,4.21,27.13,73.5,"3,789.93"
09/20/2022,4.22,27.87,73.72,"3,855.93"
09/16/2022,4.26,27.99,74.2,"3,873.33"
09/15/2022,4.26,28.42,73.95,"3,901.35"
09/14/2022,4.28,28.53,74.42,"3,946.01"
09/13/2022,4.26,28.5,74.31,"3,932.69"
09/12/2022,4.32,29.75,76.04,"4,110.41"
09/09/2022,4.3,29.37,75.81,"4,067.36"
09/08/2022,4.28,28.66,75.51,"4,006.18"
09/07/2022,4.28,29.03,75.18,"3,979.87"
09/06/2022,4.26,28.68,74.11,"3,908.19"
09/02/2022,4.33,29.26,74.31,"3,924.26"
09/01/2022,4.3,29.87,74.36,"3,966.85"
08/31/2022,4.35,30.21,74.53,"3,955.00"
08/30/2022,4.36,29.6,74.94,"3,986.16"
08/26/2022,4.39,30.7,75.81,"4,057.66"
08/25/2022,4.38,30.96,77.08,"4,199.12"
08/24/2022,4.38,29.48,76.36,"4,140.77"
08/23/2022,4.4,29.35,76.27,"4,128.73"
08/22/2022,4.38,29.4,76.08,"4,137.99"
08/19/2022,4.4,29.18,76.95,"4,228.48"
08/18/2022,4.47,29.35,77.74,"4,283.74"
08/17/2022,4.47,29.67,77.62,"4,274.04"
08/16/2022,4.49,29.73,78.43,"4,305.20"
08/15/2022,4.52,30.08,78.8,"4,297.14"
08/12/2022,4.5,30.24,78.94,"4,280.15"
08/11/2022,4.53,30.07,78.24,"4,207.27"
08/10/2022,4.54,29.53,78.69,"4,210.24"
08/09/2022,4.5,29.68,77.53,"4,122.47"
08/08/2022,4.51,29.87,78.11,"4,140.06"
08/05/2022,4.47,30.14,78.04,"4,145.19"
08/04/2022,4.54,30.48,78.44,"4,151.94"
08/03/2022,4.49,30.01,78.23,"4,155.17"
08/02/2022,4.54,29.76,77.55,"4,091.19"
08/01/2022,4.57,29.97,77.91,"4,118.63"
07/29/2022,4.53,30.38,78.19,"4,130.29"
07/28/2022,4.52,31.4,77.96,"4,072.43"
07/27/2022,4.47,31.81,77.17,"4,023.61"
07/26/2022,4.47,31.45,76.33,"3,921.05"
07/25/2022,4.47,31.56,76.87,"3,966.84"
07/22/2022,4.47,31.3,76.89,"3,961.63"
07/21/2022,4.42,32.01,76.99,"3,998.95"
07/20/2022,4.41,31.75,76.09,"3,959.90"
07/19/2022,4.42,31.95,75.76,"3,936.69"
07/18/2022,4.41,31.63,74.77,"3,830.85"
07/15/2022,4.42,31.03,75.5,"3,863.16"
07/14/2022,4.39,31.29,74.55,"3,790.38"
07/13/2022,4.44,31.74,74.69,"3,801.78"
07/12/2022,4.45,31.98,74.77,"3,818.80"
07/11/2022,4.43,32.17,74.47,"3,854.43"
07/08/2022,4.44,33.62,74.89,"3,899.38"
07/07/2022,4.44,34.07,74.83,"3,902.62"
07/06/2022,4.46,33.35,73.63,"3,845.08"
07/05/2022,4.48,33.78,73.91,"3,831.39"
07/01/2022,4.49,33.94,73.98,"3,825.33"
06/30/2022,4.47,33.91,73.61,"3,785.38"
06/29/2022,4.43,33.94,73.65,"3,818.83"
06/28/2022,4.42,34.13,73.76,"3,821.55"
06/27/2022,4.46,34.12,74.58,"3,900.11"
06/24/2022,4.46,33.84,75.04,"3,911.74"
06/23/2022,4.46,32.94,74.51,"3,795.73"
06/22/2022,4.44,32.44,73.98,"3,759.89"
06/21/2022,4.41,33.03,74.0,"3,764.79"
06/17/2022,4.41,32.23,74.05,"3,674.84"
06/16/2022,4.43,31.65,73.82,"3,666.77"
06/15/2022,4.4,32.92,75.01,"3,789.99"
06/14/2022,4.37,32.28,73.58,"3,735.48"
06/13/2022,4.41,31.31,73.1,"3,749.63"
06/10/2022,4.47,32.74,75.63,"3,900.86"
06/09/2022,4.52,32.72,76.94,"4,017.82"
06/08/2022,4.55,34.16,77.56,"4,115.77"
06/07/2022,4.57,33.25,78.23,"4,160.68"
06/06/2022,4.55,32.75,78.05,"4,121.43"
06/01/2022,4.58,31.53,78.9,"4,101.23"
05/31/2022,4.61,31.86,79.5,"4,132.15"
05/27/2022,4.65,30.94,80.19,"4,158.24"
05/26/2022,4.63,30.72,79.48,"4,057.84"
05/25/2022,4.63,29.56,78.39,"3,978.73"
05/24/2022,4.64,29.19,77.22,"3,941.48"
05/23/2022,4.61,30.35,76.76,"3,973.75"
05/20/2022,4.59,30.42,76.46,"3,901.36"
05/19/2022,4.6,30.3,76.51,"3,900.79"
05/18/2022,4.57,29.62,76.0,"3,923.68"
05/17/2022,4.57,30.47,76.63,"4,088.85"
05/16/2022,4.57,29.57,76.7,"4,008.01"
05/13/2022,4.56,29.61,76.81,"4,023.89"
05/12/2022,4.6,28.34,76.72,"3,930.08"
05/11/2022,4.56,28.34,76.75,"3,935.18"
05/10/2022,4.57,28.33,77.21,"4,001.05"
05/09/2022,4.53,28.01,76.77,"3,991.24"
05/06/2022,4.52,29.07,77.59,"4,123.34"
05/05/2022,4.55,30.0,78.03,"4,146.87"
05/04/2022,4.58,31.66,79.44,"4,300.17"
05/03/2022,4.58,31.52,78.64,"4,175.48"
04/29/2022,4.59,30.94,78.53,"4,131.93"
04/28/2022,4.6,29.7,79.51,"4,287.50"
04/27/2022,4.63,29.47,79.07,"4,183.96"
04/26/2022,4.66,28.56,79.46,"4,175.20"
04/25/2022,4.66,29.18,79.93,"4,296.12"
04/22/2022,4.64,29.51,79.26,"4,271.78"
04/21/2022,4.67,29.24,79.74,"4,393.66"
04/20/2022,4.69,30.13,80.29,"4,459.45"
04/19/2022,4.66,31.04,80.04,"4,462.21"
04/14/2022,4.72,31.64,80.24,"4,392.59"
04/13/2022,4.74,32.0,80.78,"4,446.59"
04/12/2022,4.74,31.39,80.3,"4,397.45"
04/11/2022,4.73,31.51,79.69,"4,412.53"
04/08/2022,4.75,32.28,80.24,"4,488.28"
04/07/2022,4.77,32.25,80.73,"4,500.21"
04/06/2022,4.79,32.74,80.86,"4,481.15"
04/05/2022,4.8,33.39,81.5,"4,525.12"
04/04/2022,4.84,34.33,82.57,"4,582.64"
04/01/2022,4.84,33.2,81.95,"4,545.86"
03/31/2022,4.88,31.97,82.29,"4,530.41"
03/30/2022,4.86,33.14,82.59,"4,602.45"
03/29/2022,4.83,33.32,82.84,"4,631.60"
03/28/2022,4.81,32.62,81.83,"4,575.52"
03/25/2022,4.82,32.12,81.32,"4,543.06"
03/24/2022,4.84,32.61,81.91,"4,520.16"
03/23/2022,4.85,32.97,81.74,"4,456.24"
03/22/2022,4.86,33.18,82.0,"4,511.61"
03/21/2022,4.88,31.78,81.58,"4,461.18"
03/18/2022,4.9,33.17,82.53,"4,463.12"
03/17/2022,4.9,31.61,82.26,"4,411.67"
03/16/2022,4.88,32.82,81.7,"4,357.86"
03/15/2022,4.87,27.07,80.57,"4,262.45"
03/14/2022,4.88,27.12,79.97,"4,173.11"
03/11/2022,4.91,29.07,80.93,"4,204.31"
03/10/2022,4.92,30.35,81.52,"4,259.52"
03/09/2022,4.95,31.79,82.21,"4,277.88"
03/08/2022,4.91,31.27,81.53,"4,170.70"
03/07/2022,4.96,31.72,81.82,"4,201.09"
03/04/2022,5.0,32.97,82.54,"4,328.87"
03/03/2022,4.99,33.69,83.08,"4,363.49"
03/02/2022,5.04,34.57,83.33,"4,386.54"
03/01/2022,5.05,34.83,83.13,"4,306.26"
02/28/2022,5.01,34.9,83.67,"4,373.94"
02/25/2022,4.99,35.22,83.61,"4,384.65"
02/24/2022,4.97,35.05,83.14,"4,288.70"
02/23/2022,5.01,35.31,82.55,"4,225.50"
02/22/2022,5.01,35.73,82.7,"4,304.76"
02/18/2022,5.02,36.71,82.89,"4,348.87"
02/17/2022,5.03,37.79,82.77,"4,380.26"
02/16/2022,5.01,38.1,83.12,"4,475.01"
02/15/2022,5.0,37.86,82.66,"4,471.07"
02/14/2022,4.99,37.29,82.52,"4,401.67"
02/11/2022,5.01,37.65,82.66,"4,418.64"
02/10/2022,5.03,38.3,82.95,"4,504.10"
02/09/2022,5.05,38.77,84.06,"4,587.20"
02/08/2022,5.02,38.12,83.62,"4,521.50"
02/07/2022,5.05,37.75,83.71,"4,483.90"
02/04/2022,5.07,37.98,83.77,"4,500.50"
02/03/2022,5.09,37.63,84.1,"4,477.40"
02/02/2022,5.1,37.86,84.86,"4,589.40"
02/01/2022,5.09,38.19,84.73,"4,546.50"
01/31/2022,5.06,37.94,84.7,"4,515.60"
01/28/2022,5.08,36.2,84.68,"4,431.90"
01/27/2022,5.08,36.31,84.44,"4,326.50"
01/26/2022,5.11,36.97,84.81,"4,349.90"
01/25/2022,5.12,37.69,85.1,"4,356.40"
01/24/2022,5.13,37.65,85.35,"4,410.10"
01/21/2022,5.13,38.26,85.44,"4,397.90"
01/20/2022,5.12,39.03,85.43,"4,482.70"
01/19/2022,5.11,37.86,85.59,"4,532.80"
01/18/2022,5.11,37.7,85.67,"4,577.10"
01/14/2022,5.15,38.12,86.09,"4,662.90"
01/13/2022,5.16,37.74,86.17,"4,659.00"
01/12/2022,5.18,38.66,86.48,"4,726.40"
01/11/2022,5.15,37.82,86.34,"4,713.10"
01/10/2022,5.14,36.65,85.94,"4,670.30"
01/07/2022,5.14,36.63,85.87,"4,677.00"
01/06/2022,5.16,35.86,86.09,"4,696.10"
01/05/2022,5.17,35.24,86.08,"4,700.60"
01/04/2022,5.17,35.89,86.75,"4,793.50"
12/31/2021,5.21,36.58,87.01,"4,766.20"
12/30/2021,5.2,36.99,87.03,"4,778.70"
12/29/2021,5.22,35.69,87.07,"4,793.10"
12/23/2021,5.21,36.63,87.16,"4,725.80"
12/22/2021,5.22,36.54,86.91,"4,696.60"
12/21/2021,5.2,36.62,86.68,"4,649.20"
12/20/2021,5.24,35.57,86.22,"4,568.00"
12/17/2021,5.25,36.34,86.37,"4,620.60"
12/16/2021,5.23,36.78,86.45,"4,668.70"
12/15/2021,5.23,36.59,86.81,"4,709.90"
12/14/2021,5.23,37.68,86.48,"4,634.10"
12/13/2021,5.24,37.77,86.63,"4,669.00"
12/10/2021,5.24,38.86,86.63,"4,712.00"
12/09/2021,5.23,38.87,86.43,"4,667.40"
12/08/2021,5.23,38.86,86.82,"4,701.20"
12/07/2021,5.23,38.69,86.84,"4,686.80"
12/06/2021,5.24,38.18,86.38,"4,591.70"
12/03/2021,5.23,37.47,86.0,"4,538.40"
12/02/2021,5.23,38.36,86.0,"4,577.10"
12/01/2021,5.23,38.1,85.37,"4,513.00"
11/30/2021,5.22,38.19,85.64,"4,567.00"
11/29/2021,5.21,38.4,86.0,"4,655.30"
11/26/2021,5.21,38.77,85.47,"4,594.60"
11/24/2021,5.16,39.89,86.09,"4,701.50"
11/23/2021,5.18,39.78,86.11,"4,690.70"
11/22/2021,5.2,39.99,86.23,"4,682.90"
11/19/2021,5.23,40.51,86.56,"4,698.00"
11/18/2021,5.22,40.27,86.63,"4,704.50"
11/17/2021,5.21,41.16,86.7,"4,688.70"
11/16/2021,5.21,41.63,86.79,"4,700.90"
11/15/2021,5.23,41.11,86.75,"4,682.80"
11/12/2021,5.23,41.42,86.85,"4,682.90"
11/11/2021,5.24,41.4,86.82,"4,649.30"
11/10/2021,5.26,39.82,86.97,"4,646.70"
11/09/2021,5.29,39.46,87.46,"4,685.20"
11/08/2021,5.28,39.78,87.39,"4,701.70"
11/05/2021,5.28,39.34,87.5,"4,697.50"
11/04/2021,5.26,40.04,87.17,"4,680.10"
11/03/2021,5.24,40.28,86.94,"4,660.60"
11/02/2021,5.25,39.94,86.77,"4,630.60"
11/01/2021,5.24,41.06,86.56,"4,613.70"
10/29/2021,5.24,40.33,86.93,"4,605.40"
10/28/2021,5.27,41.1,87.16,"4,596.40"
10/27/2021,5.25,41.01,86.94,"4,551.70"
10/26/2021,5.24,41.48,87.01,"4,574.80"
10/25/2021,5.24,42.33,86.99,"4,566.50"
10/22/2021,5.23,42.2,86.84,"4,544.90"
10/21/2021,5.23,42.15,87.05,"4,549.80"
10/20/2021,5.24,42.19,87.27,"4,536.20"
10/19/2021,5.24,42.11,87.24,"4,519.60"
10/18/2021,5.23,40.94,87.18,"4,486.50"
10/15/2021,5.24,40.7,87.22,"4,471.40"
10/14/2021,5.25,40.31,87.37,"4,438.30"
10/13/2021,5.23,40.5,86.88,"4,363.80"
10/12/2021,5.21,39.7,86.65,"4,350.60"
10/11/2021,5.22,39.92,86.49,"4,361.20"
10/08/2021,5.23,39.95,86.76,"4,391.30"
10/07/2021,5.25,39.57,87.02,"4,399.80"
10/06/2021,5.24,38.02,87.01,"4,363.60"
10/05/2021,5.26,38.19,87.06,"4,345.70"
10/04/2021,5.27,37.66,87.1,"4,300.50"
10/01/2021,5.27,38.62,87.41,"4,357.00"
09/30/2021,5.25,38.93,87.49,"4,307.50"
09/29/2021,5.25,38.56,87.59,"4,359.50"
09/28/2021,5.27,38.84,87.43,"4,352.60"
09/27/2021,5.29,38.79,87.83,"4,443.10"
09/24/2021,5.3,38.24,87.91,"4,455.50"
09/23/2021,5.31,39.06,88.04,"4,449.00"
09/22/2021,5.34,39.39,88.0,"4,395.60"
09/21/2021,5.33,38.65,87.84,"4,354.20"
09/20/2021,5.33,38.18,87.69,"4,357.70"
09/17/2021,5.32,39.92,88.0,"4,433.00"
09/16/2021,5.34,39.67,88.11,"4,473.80"
09/15/2021,5.36,40.26,88.14,"4,480.70"
09/14/2021,5.36,40.54,88.01,"4,443.10"
09/13/2021,5.35,41.48,88.05,"4,468.70"
09/10/2021,5.35,41.57,87.83,"4,458.60"
09/09/2021,5.35,41.6,87.96,"4,493.30"
09/08/2021,5.33,41.99,87.88,"4,514.10"
09/07/2021,5.34,42.45,87.78,"4,520.00"
09/03/2021,5.36,41.47,88.01,"4,535.40"
09/02/2021,5.36,41.4,88.0,"4,536.90"
09/01/2021,5.35,41.85,87.89,"4,524.10"
08/31/2021,5.35,40.94,88.09,"4,522.70"
08/27/2021,5.34,40.14,87.96,"4,509.40"
08/26/2021,5.33,39.82,87.72,"4,470.00"
08/25/2021,5.33,40.46,87.77,"4,496.20"
08/24/2021,5.35,40.8,87.68,"4,486.20"
08/23/2021,5.35,39.42,87.56,"4,479.50"
08/20/2021,5.34,38.67,87.29,"4,441.70"
08/19/2021,5.34,39.04,87.08,"4,405.80"
08/18/2021,5.34,39.84,87.09,"4,400.30"
08/17/2021,5.35,39.52,87.29,"4,448.10"
08/16/2021,5.37,40.66,87.49,"4,479.70"
08/13/2021,5.35,41.35,87.46,"4,468.00"
08/12/2021,5.34,41.33,87.27,"4,460.80"
08/11/2021,5.34,41.97,87.12,"4,447.70"
08/10/2021,5.33,41.62,86.98,"4,436.80"
08/09/2021,5.34,41.17,87.18,"4,432.40"
08/06/2021,5.35,40.42,87.38,"4,436.50"
08/05/2021,5.39,40.9,87.48,"4,429.10"
08/04/2021,5.38,41.36,87.28,"4,402.70"
08/03/2021,5.38,40.81,87.44,"4,423.10"
08/02/2021,5.39,41.12,87.34,"4,387.20"
07/30/2021,5.37,40.54,87.84,"4,395.30"
07/29/2021,5.38,40.94,87.96,"4,419.10"
07/28/2021,5.35,41.52,87.77,"4,400.60"
07/27/2021,5.36,39.16,87.7,"4,401.50"
07/26/2021,5.35,40.49,87.82,"4,422.30"
07/23/2021,5.34,42.78,87.95,"4,411.80"
07/22/2021,5.34,43.9,87.78,"4,367.50"
07/21/2021,5.33,43.72,87.73,"4,358.70"
07/20/2021,5.34,43.59,87.52,"4,323.10"
07/19/2021,5.35,43.81,87.08,"4,258.50"
07/16/2021,5.33,44.4,87.67,"4,327.20"
07/15/2021,5.33,44.74,87.79,"4,360.00"
07/14/2021,5.36,44.31,87.85,"4,374.30"
07/13/2021,5.36,44.5,87.71,"4,369.20"
07/12/2021,5.36,44.0,87.97,"4,384.60"
07/09/2021,5.36,44.15,88.0,"4,369.60"
07/08/2021,5.37,42.92,87.85,"4,320.80"
07/07/2021,5.35,44.3,88.04,"4,358.10"
07/06/2021,5.35,44.22,88.01,"4,343.50"
07/02/2021,5.34,45.49,88.06,"4,352.30"
07/01/2021,5.33,46.09,87.92,"4,319.90"
06/30/2021,5.34,46.33,88.04,"4,297.50"
06/29/2021,5.34,46.87,88.03,"4,291.80"
06/28/2021,5.34,47.22,87.92,"4,290.60"
06/25/2021,5.33,47.11,87.93,"4,280.70"
06/24/2021,5.34,46.23,87.84,"4,266.50"
06/23/2021,5.34,45.75,87.57,"4,241.80"
06/22/2021,5.33,45.18,87.66,"4,246.40"
06/21/2021,5.34,45.55,87.6,"4,224.80"
06/18/2021,5.33,45.56,87.43,"4,166.40"
06/17/2021,5.35,45.51,87.47,"4,221.90"
06/16/2021,5.39,44.88,87.41,"4,223.70"
06/15/2021,5.38,45.58,87.53,"4,246.60"
06/14/2021,5.38,46.21,87.54,"4,255.10"
06/11/2021,5.38,46.07,87.62,"4,247.40"
06/10/2021,5.39,46.18,87.59,"4,239.20"
06/09/2021,5.39,46.08,87.43,"4,219.60"
06/08/2021,5.39,46.08,87.36,"4,227.30"
06/07/2021,5.38,46.3,87.3,"4,226.50"
06/04/2021,5.38,46.8,87.27,"4,229.90"
06/03/2021,5.36,46.32,87.08,"4,192.90"
06/02/2021,5.37,47.26,87.26,"4,208.10"
06/01/2021,5.38,47.45,87.15,"4,202.00"
05/28/2021,5.37,46.24,87.18,"4,204.10"
05/27/2021,5.37,46.4,87.21,"4,200.90"
05/26/2021,5.38,46.43,87.25,"4,196.00"
05/25/2021,5.38,46.15,87.22,"4,188.10"
05/24/2021,5.37,45.08,87.21,"4,197.10"
05/21/2021,5.36,45.14,87.11,"4,155.90"
05/20/2021,5.36,45.58,86.98,"4,159.10"
05/19/2021,5.35,45.13,86.61,"4,115.70"
05/18/2021,5.35,45.0,86.84,"4,127.80"
05/17/2021,5.35,44.64,87.05,"4,163.30"
05/14/2021,5.34,44.21,87.21,"4,173.90"
05/13/2021,5.33,43.55,86.93,"4,112.50"
05/12/2021,5.33,44.18,86.62,"4,063.00"
05/11/2021,5.36,44.73,87.04,"4,152.10"
05/10/2021,5.37,44.74,87.13,"4,188.40"
05/07/2021,5.38,46.05,87.33,"4,232.60"
05/06/2021,5.35,45.93,87.27,"4,201.60"
05/05/2021,5.34,45.8,87.3,"4,167.60"
05/04/2021,5.33,45.57,87.13,"4,164.70"
04/30/2021,5.34,46.28,87.44,"4,181.20"
04/29/2021,5.34,47.24,87.48,"4,211.50"
04/28/2021,5.35,47.28,87.38,"4,183.20"
04/27/2021,5.35,47.06,87.21,"4,186.70"
04/26/2021,5.36,46.87,87.33,"4,187.60"
04/23/2021,5.35,47.59,87.37,"4,180.20"
04/22/2021,5.34,46.97,87.14,"4,135.00"
04/21/2021,5.35,46.83,87.3,"4,173.40"
04/20/2021,5.35,46.77,87.01,"4,134.90"
04/19/2021,5.34,46.9,87.16,"4,163.30"
04/16/2021,5.34,46.91,87.3,"4,185.50"
04/15/2021,5.34,46.65,87.48,"4,170.40"
04/14/2021,5.32,46.59,87.13,"4,124.70"
04/13/2021,5.31,46.44,87.17,"4,141.60"
04/12/2021,5.31,46.47,87.11,"4,128.00"
04/09/2021,5.3,46.53,87.2,"4,128.80"
04/08/2021,5.31,47.11,87.26,"4,097.20"
04/07/2021,5.31,46.5,87.23,"4,079.90"
04/06/2021,5.3,47.58,87.26,"4,073.90"
04/01/2021,5.28,47.45,87.07,"4,019.90"
03/31/2021,5.27,46.66,87.18,"3,972.90"
03/30/2021,5.26,46.61,86.76,"3,958.60"
03/29/2021,5.28,46.42,86.97,"3,971.10"
03/26/2021,5.29,46.67,86.92,"3,974.50"
03/25/2021,5.3,45.34,86.66,"3,909.50"
03/24/2021,5.31,45.11,86.51,"3,889.10"
03/23/2021,5.31,46.84,86.46,"3,910.50"
03/22/2021,5.31,47.92,86.37,"3,940.60"
03/19/2021,5.3,47.99,86.06,"3,913.10"
03/18/2021,5.29,47.98,85.73,"3,915.50"
03/17/2021,5.3,48.41,86.39,"3,974.10"
03/16/2021,5.31,48.44,86.27,"3,962.70"
03/15/2021,5.31,48.01,86.47,"3,968.90"
03/12/2021,5.32,48.1,86.46,"3,943.30"
03/11/2021,5.33,49.49,86.7,"3,939.30"
03/10/2021,5.31,47.77,86.38,"3,898.80"
03/09/2021,5.31,48.15,86.11,"3,875.40"
03/08/2021,5.3,47.13,85.99,"3,821.30"
03/05/2021,5.31,48.85,86.62,"3,841.90"
03/04/2021,5.35,48.35,86.36,"3,768.50"
03/03/2021,5.36,49.78,86.69,"3,819.70"
03/02/2021,5.38,49.4,86.97,"3,870.30"
03/01/2021,5.37,50.37,87.1,"3,901.80"
02/26/2021,5.35,49.07,86.44,"3,811.20"
02/25/2021,5.38,49.92,86.7,"3,829.30"
02/24/2021,5.39,50.69,87.53,"3,925.40"
02/23/2021,5.41,51.81,87.44,"3,881.40"
02/22/2021,5.42,51.64,87.23,"3,876.50"
02/19/2021,5.42,53.61,87.5,"3,906.70"
02/18/2021,5.41,53.3,87.49,"3,914.00"
02/17/2021,5.41,54.47,87.61,"3,931.30"
02/16/2021,5.42,53.61,87.64,"3,932.60"
02/12/2021,5.45,53.58,87.78,"3,934.80"
02/11/2021,5.46,53.63,87.64,"3,916.40"
02/10/2021,5.46,52.71,87.6,"3,909.90"
02/09/2021,5.45,52.2,87.62,"3,911.20"
02/08/2021,5.44,51.52,87.78,"3,915.60"
02/05/2021,5.43,51.69,87.52,"3,886.80"
02/04/2021,5.43,51.3,87.39,"3,871.70"
02/03/2021,5.43,51.55,87.21,"3,830.20"
02/02/2021,5.45,51.43,87.14,"3,826.30"
02/01/2021,5.47,50.71,86.93,"3,773.90"
01/29/2021,5.46,49.36,86.97,"3,714.20"
01/28/2021,5.47,50.53,87.2,"3,787.40"
01/27/2021,5.48,50.43,86.94,"3,750.80"
01/26/2021,5.49,52.35,87.19,"3,849.60"
01/25/2021,5.49,52.9,87.32,"3,855.40"
01/22/2021,5.48,51.71,87.3,"3,841.50"
01/21/2021,5.49,51.97,87.47,"3,853.10"
01/20/2021,5.48,52.27,87.52,"3,851.80"
01/19/2021,5.47,50.71,87.36,"3,798.90"
01/15/2021,5.47,48.62,87.11,"3,768.20"
01/14/2021,5.48,48.65,87.25,"3,795.50"
01/13/2021,5.52,48.43,87.27,"3,809.80"
01/12/2021,5.5,48.29,87.01,"3,801.20"
01/11/2021,5.5,47.67,86.9,"3,799.60"
01/08/2021,5.53,48.32,87.37,"3,824.70"
01/07/2021,5.53,47.34,87.24,"3,803.80"
01/06/2021,5.55,47.01,86.99,"3,748.10"
01/05/2021,5.56,47.56,87.15,"3,726.90"
01/04/2021,5.57,46.3,87.12,"3,700.70"
12/31/2020,5.58,46.43,87.3,"3,756.10"
12/30/2020,5.55,46.25,87.23,"3,732.00"
12/29/2020,5.54,45.5,87.05,"3,727.00"
12/24/2020,5.54,44.85,87.05,"3,703.10"
12/23/2020,5.52,45.61,86.87,"3,690.00"
12/22/2020,5.53,45.23,86.48,"3,687.30"
12/21/2020,5.53,45.38,86.37,"3,694.90"
12/18/2020,5.54,45.75,86.68,"3,709.40"
12/17/2020,5.55,45.83,86.61,"3,722.50"
12/16/2020,5.53,45.54,86.84,"3,701.20"
12/15/2020,5.52,45.49,86.97,"3,694.60"
12/14/2020,5.53,45.42,86.7,"3,647.50"
12/11/2020,5.52,46.15,86.68,"3,663.50"
12/10/2020,5.5,46.57,86.77,"3,668.10"
12/09/2020,5.5,46.0,86.61,"3,672.80"
12/08/2020,5.51,46.58,86.74,"3,702.20"
12/07/2020,5.5,46.73,86.81,"3,692.00"
12/04/2020,5.5,47.19,86.85,"3,699.10"
12/03/2020,5.5,47.13,86.49,"3,666.70"
12/02/2020,5.48,47.15,86.44,"3,669.00"
12/01/2020,5.49,47.48,86.2,"3,662.40"
11/30/2020,5.49,47.0,86.32,"3,621.60"
11/27/2020,5.47,48.62,86.41,"3,638.30"
11/25/2020,5.47,47.23,86.27,"3,629.70"
11/24/2020,5.46,47.51,86.31,"3,635.40"
11/23/2020,5.45,47.25,86.05,"3,577.60"
11/20/2020,5.46,47.44,85.92,"3,557.50"
11/19/2020,5.46,47.12,86.08,"3,581.90"
11/18/2020,5.47,47.15,85.79,"3,567.80"
11/17/2020,5.45,47.36,85.95,"3,609.50"
11/16/2020,5.44,47.68,85.92,"3,626.90"
11/13/2020,5.43,47.47,85.44,"3,585.20"
11/12/2020,5.42,47.1,85.15,"3,537.00"
11/11/2020,5.4,47.6,85.73,"3,572.70"
11/10/2020,5.41,47.12,85.76,"3,545.50"
11/09/2020,5.43,48.23,85.88,"3,550.50"
11/06/2020,5.44,47.73,85.23,"3,509.40"
11/05/2020,5.45,47.7,85.53,"3,510.40"
11/04/2020,5.42,46.96,85.23,"3,443.40"
11/03/2020,5.38,45.08,84.44,"3,369.20"
11/02/2020,5.39,44.98,83.72,"3,310.20"
10/30/2020,5.38,44.1,83.88,"3,270.00"
10/29/2020,5.38,44.55,83.7,"3,310.10"
10/28/2020,5.42,43.89,83.46,"3,271.00"
10/27/2020,5.41,44.79,84.16,"3,390.70"
10/26/2020,5.41,44.7,84.12,"3,401.00"
10/23/2020,5.41,45.13,84.87,"3,465.40"
10/22/2020,5.41,45.02,84.77,"3,453.50"
10/21/2020,5.43,44.68,84.62,"3,435.60"
10/20/2020,5.41,44.28,84.63,"3,443.10"
10/19/2020,5.4,44.09,84.33,"3,426.90"
10/16/2020,5.41,44.11,84.63,"3,483.80"
10/15/2020,5.41,43.45,84.73,"3,483.30"
10/14/2020,5.41,43.78,84.79,"3,488.70"
10/13/2020,5.4,44.34,85.0,"3,511.90"
10/12/2020,5.4,44.4,85.38,"3,534.20"
10/09/2020,5.47,43.24,84.95,"3,477.10"
10/08/2020,5.38,43.13,84.76,"3,446.80"
10/07/2020,5.37,42.92,84.57,"3,419.40"
10/06/2020,5.37,42.47,84.27,"3,360.90"
10/05/2020,5.39,42.19,84.46,"3,408.60"
10/02/2020,5.39,42.03,83.83,"3,348.40"
10/01/2020,5.38,42.51,83.83,"3,380.80"
09/30/2020,5.37,42.0,83.9,"3,363.00"
09/29/2020,5.39,41.17,83.56,"3,335.50"
09/28/2020,5.36,41.33,83.49,"3,351.60"
09/25/2020,5.36,40.7,82.95,"3,298.50"
09/24/2020,5.36,41.11,83.1,"3,246.60"
09/23/2020,5.37,41.63,83.05,"3,236.90"
09/22/2020,5.38,42.09,83.9,"3,315.60"
09/21/2020,5.4,42.42,83.61,"3,281.10"
09/18/2020,5.42,42.82,84.29,"3,319.50"
09/17/2020,5.41,42.73,84.5,"3,357.00"
09/16/2020,5.4,43.09,84.59,"3,385.50"
09/15/2020,5.4,43.22,84.59,"3,401.20"
09/14/2020,5.41,42.84,84.36,"3,383.50"
09/11/2020,5.38,42.55,84.45,"3,341.00"
09/10/2020,5.38,42.14,84.28,"3,339.20"
09/09/2020,5.38,42.99,84.68,"3,399.00"
09/08/2020,5.39,42.7,84.02,"3,331.80"
09/04/2020,5.38,43.6,84.49,"3,427.00"
09/03/2020,5.39,43.44,84.72,"3,455.10"
09/02/2020,5.4,44.35,85.25,"3,580.80"
09/01/2020,5.41,44.53,85.15,"3,526.70"
08/28/2020,5.39,44.99,85.15,"3,508.00"
08/27/2020,5.36,44.63,85.08,"3,484.60"
08/26/2020,5.37,44.72,85.21,"3,478.70"
08/25/2020,5.36,44.8,85.22,"3,443.60"
08/24/2020,5.38,44.62,85.13,"3,431.30"
08/21/2020,5.39,44.14,84.74,"3,397.20"
08/20/2020,5.39,43.75,84.75,"3,385.50"
08/19/2020,5.4,43.55,84.47,"3,374.80"
08/18/2020,5.41,44.01,84.71,"3,389.80"
08/17/2020,5.39,43.84,84.58,"3,382.00"
08/14/2020,5.38,43.04,84.08,"3,372.80"
08/13/2020,5.38,42.81,84.23,"3,373.40"
08/12/2020,5.37,42.89,84.46,"3,380.30"
08/11/2020,5.39,42.27,84.44,"3,333.70"
08/10/2020,5.4,42.31,85.21,"3,360.50"
08/07/2020,5.41,42.01,85.17,"3,351.30"
08/06/2020,5.43,42.85,85.38,"3,349.20"
08/05/2020,5.42,42.82,85.19,"3,327.80"
08/04/2020,5.41,42.82,85.04,"3,306.50"
08/03/2020,5.4,41.87,85.07,"3,294.60"
07/31/2020,5.39,41.37,85.39,"3,271.10"
07/30/2020,5.41,41.78,85.23,"3,246.20"
07/29/2020,5.39,42.22,85.05,"3,258.40"
07/28/2020,5.39,41.59,84.58,"3,218.40"
07/27/2020,5.4,41.96,84.8,"3,239.40"
07/24/2020,5.37,42.05,84.6,"3,215.60"
07/23/2020,5.35,42.4,84.52,"3,235.70"
07/22/2020,5.34,42.72,84.58,"3,276.00"
07/21/2020,5.32,43.33,84.41,"3,257.30"
07/20/2020,5.32,43.11,84.02,"3,251.80"
07/17/2020,5.31,42.56,83.52,"3,224.70"
07/16/2020,5.3,42.48,83.29,"3,215.60"
07/15/2020,5.33,43.47,83.21,"3,226.60"
07/14/2020,5.32,43.7,82.74,"3,197.50"
07/13/2020,5.32,44.04,82.04,"3,155.20"
07/10/2020,5.34,44.55,82.49,"3,185.00"
07/09/2020,5.32,45.22,82.21,"3,152.10"
07/08/2020,5.32,45.53,82.39,"3,169.90"
07/07/2020,5.3,44.11,82.17,"3,145.30"
07/06/2020,5.31,45.4,82.72,"3,179.70"
07/02/2020,5.3,41.46,82.13,"3,130.00"
07/01/2020,5.28,40.16,81.53,"3,115.90"
06/30/2020,5.29,39.7,81.62,"3,100.30"
06/29/2020,5.28,40.05,80.88,"3,053.20"
06/26/2020,5.28,40.19,81.34,"3,009.10"
06/25/2020,5.28,40.57,82.12,"3,083.80"
06/24/2020,5.28,40.47,82.09,"3,050.30"
06/23/2020,5.29,40.89,82.94,"3,131.30"
06/22/2020,5.29,40.62,82.82,"3,117.90"
06/19/2020,5.27,40.32,82.88,"3,097.70"
06/18/2020,5.29,40.26,83.16,"3,115.30"
06/17/2020,5.27,40.12,83.19,"3,113.50"
06/16/2020,5.29,39.96,83.58,"3,124.70"
06/15/2020,5.28,39.65,83.24,"3,066.60"
06/12/2020,5.28,40.34,82.44,"3,041.30"
06/11/2020,5.32,39.84,81.63,"3,002.10"
06/10/2020,5.27,41.56,83.78,"3,190.10"
06/09/2020,5.27,41.07,83.9,"3,207.20"
06/08/2020,5.25,41.27,84.56,"3,232.40"
06/05/2020,5.22,41.48,84.46,"3,193.90"
06/04/2020,5.26,40.57,83.67,"3,112.30"
06/03/2020,5.24,41.17,83.93,"3,122.90"
06/02/2020,5.25,40.48,83.54,"3,080.80"
06/01/2020,5.24,39.77,82.72,"3,055.70"
05/29/2020,5.24,39.05,82.42,"3,044.30"
05/28/2020,5.23,38.25,82.09,"3,029.70"
05/27/2020,5.21,38.13,82.01,"3,036.10"
05/26/2020,5.23,38.34,81.84,"2,991.80"
05/22/2020,5.2,37.5,81.23,"2,955.40"
05/21/2020,5.21,38.54,81.03,"2,948.50"
05/20/2020,5.2,39.62,81.05,"2,971.60"
05/19/2020,5.18,39.05,80.2,"2,922.90"
05/18/2020,5.2,39.46,80.1,"2,953.90"
05/15/2020,5.17,37.95,78.71,"2,863.70"
05/14/2020,5.19,38.51,78.6,"2,852.50"
05/13/2020,5.17,38.67,78.87,"2,820.00"
05/12/2020,5.18,38.55,79.29,"2,870.10"
05/11/2020,5.17,38.89,79.39,"2,930.30"
05/07/2020,5.17,38.2,79.0,"2,881.20"
05/06/2020,5.17,38.1,78.8,"2,848.40"
05/05/2020,5.19,38.0,79.25,"2,868.40"
05/04/2020,5.24,37.62,78.57,"2,842.70"
05/01/2020,5.22,37.27,78.68,"2,830.70"
04/30/2020,5.22,38.59,80.43,"2,912.40"
04/29/2020,5.2,39.63,80.27,"2,939.50"
04/28/2020,5.18,39.0,78.88,"2,863.40"
04/27/2020,5.18,38.96,78.64,"2,878.50"
04/24/2020,5.17,38.19,78.32,"2,836.70"
04/23/2020,5.15,37.81,79.06,"2,797.80"
04/22/2020,5.15,37.97,79.1,"2,799.30"
04/21/2020,5.16,37.07,78.41,"2,736.60"
04/20/2020,5.2,38.09,79.87,"2,823.20"
04/17/2020,5.18,38.41,81.09,"2,874.60"
04/16/2020,5.19,37.76,80.68,"2,799.60"
04/15/2020,5.16,37.61,80.76,"2,783.40"
04/14/2020,5.16,38.5,81.52,"2,846.10"
04/09/2020,5.15,37.87,82.36,"2,789.80"
04/08/2020,5.12,38.12,77.3,"2,750.00"
04/07/2020,5.11,38.09,75.34,"2,659.40"
04/06/2020,5.09,38.21,75.34,"2,663.70"
04/03/2020,5.09,36.89,73.55,"2,488.70"
04/02/2020,5.11,37.39,75.16,"2,526.90"
04/01/2020,5.11,36.01,74.58,"2,470.50"
03/31/2020,5.12,37.54,77.07,"2,584.60"
03/30/2020,5.14,37.4,77.69,"2,626.70"
03/27/2020,5.1,36.1,77.03,"2,541.50"
03/26/2020,5.05,38.35,76.83,"2,630.10"
03/25/2020,4.98,37.33,73.47,"2,475.60"
03/24/2020,4.96,36.77,71.46,"2,447.30"
03/23/2020,4.95,34.44,68.63,"2,237.40"
03/20/2020,4.83,34.46,69.75,"2,304.90"
03/19/2020,4.84,34.0,71.35,"2,409.40"
03/18/2020,4.97,33.97,72.99,"2,398.10"
03/17/2020,4.95,36.01,76.36,"2,529.20"
03/16/2020,5.09,33.91,75.65,"2,386.10"
03/13/2020,5.14,37.8,80.05,"2,711.00"
03/12/2020,5.11,35.8,77.61,"2,480.60"
03/11/2020,5.29,38.8,80.84,"2,741.40"
03/10/2020,5.33,40.17,82.64,"2,882.20"
03/09/2020,5.43,38.64,81.39,"2,746.60"
03/06/2020,5.36,40.26,85.05,"2,972.40"
03/05/2020,5.3,41.08,86.02,"3,023.90"
03/04/2020,5.28,41.26,87.12,"3,130.10"
03/03/2020,5.28,40.82,85.94,"3,003.40"
03/02/2020,5.26,41.08,86.31,"3,090.20"
02/28/2020,5.22,40.66,86.04,"2,954.20"
02/27/2020,5.2,40.41,85.69,"2,978.80"
02/26/2020,5.18,40.72,86.86,"3,116.40"
02/25/2020,5.19,40.14,86.77,"3,128.20"
02/24/2020,5.18,40.53,87.38,"3,225.90"
02/21/2020,5.16,42.02,88.33,"3,337.80"
02/20/2020,5.14,42.02,88.41,"3,373.20"
02/19/2020,5.13,42.47,88.26,"3,386.20"
02/18/2020,5.15,42.18,88.22,"3,370.30"
02/14/2020,5.15,42.27,88.4,"3,380.20"
02/13/2020,5.15,42.31,88.41,"3,373.90"
02/12/2020,5.15,42.87,88.38,"3,379.40"
02/11/2020,5.16,42.3,88.15,"3,357.80"
02/10/2020,5.16,41.5,88.09,"3,352.10"
02/07/2020,5.15,41.26,87.97,"3,327.70"
02/06/2020,5.15,41.63,88.1,"3,345.80"
02/05/2020,5.15,41.35,88.03,"3,334.70"
02/04/2020,5.16,41.21,87.67,"3,297.60"
02/03/2020,5.18,40.13,87.15,"3,248.90"
01/31/2020,5.2,39.74,87.53,"3,225.50"
01/30/2020,5.18,40.69,87.89,"3,283.70"
01/29/2020,5.16,41.2,87.8,"3,273.40"
01/28/2020,5.16,40.95,87.85,"3,276.20"
01/27/2020,5.17,40.67,87.1,"3,243.60"
01/24/2020,5.15,42.35,87.69,"3,295.50"
01/23/2020,5.15,42.91,88.06,"3,325.50"
01/22/2020,5.14,43.47,88.33,"3,321.80"
01/21/2020,5.14,42.99,88.17,"3,320.80"
01/17/2020,5.12,45.11,88.36,"3,329.60"
01/16/2020,5.13,44.9,88.43,"3,316.80"
01/15/2020,5.18,44.57,88.4,"3,289.30"
01/14/2020,5.17,44.82,88.38,"3,283.20"
01/13/2020,5.16,45.28,88.39,"3,288.10"
01/10/2020,5.17,44.52,88.39,"3,265.30"
01/09/2020,5.15,44.38,88.36,"3,274.70"
01/08/2020,5.17,43.98,88.13,"3,253.10"
01/07/2020,5.17,44.01,88.05,"3,237.20"
01/06/2020,5.2,44.12,88.13,"3,246.30"
01/03/2020,5.2,43.91,88.22,"3,234.80"
01/02/2020,5.18,44.88,88.31,"3,257.80"
12/31/2019,5.18,43.63,87.94,"3,230.80"
12/30/2019,5.18,43.49,87.86,"3,221.30"
12/27/2019,5.18,43.71,87.92,"3,240.00"
12/24/2019,5.14,43.12,87.83,"3,223.40"
12/23/2019,5.14,43.04,87.76,"3,224.00"
12/20/2019,5.14,43.08,87.72,"3,221.20"
12/19/2019,5.14,42.91,87.85,"3,205.40"
12/18/2019,5.14,43.0,88.21,"3,191.10"
12/17/2019,5.16,42.88,88.05,"3,192.50"
12/16/2019,5.15,42.34,87.78,"3,191.40"
12/13/2019,5.17,42.6,87.61,"3,168.80"
12/12/2019,5.14,42.78,87.52,"3,168.60"
12/11/2019,5.16,41.98,87.32,"3,141.60"
12/10/2019,5.15,41.21,87.14,"3,132.50"
12/09/2019,5.15,41.05,86.93,"3,136.00"
12/06/2019,5.14,41.24,86.93,"3,145.90"
12/05/2019,5.16,40.9,86.81,"3,117.40"
12/04/2019,5.15,40.88,86.68,"3,112.80"
12/03/2019,5.17,40.71,86.42,"3,093.20"
12/02/2019,5.14,40.95,86.54,"3,113.90"
11/29/2019,5.15,40.94,86.94,"3,141.00"
11/27/2019,5.14,42.07,87.13,"3,153.60"
11/26/2019,5.15,42.11,87.02,"3,140.50"
11/25/2019,5.14,42.01,86.92,"3,133.60"
11/22/2019,5.14,41.32,86.69,"3,110.30"
11/21/2019,5.14,41.39,86.36,"3,103.50"
11/20/2019,5.14,41.45,86.34,"3,108.50"
11/19/2019,5.14,41.68,86.52,"3,120.20"
11/18/2019,5.15,41.26,86.83,"3,122.00"
11/15/2019,5.14,41.13,86.94,"3,120.50"
11/14/2019,5.13,41.04,86.68,"3,096.60"
11/13/2019,5.11,41.15,86.73,"3,094.00"
11/12/2019,5.1,41.71,86.82,"3,091.80"
11/11/2019,5.11,42.08,86.8,"3,087.00"
11/08/2019,5.11,42.74,86.85,"3,093.10"
11/07/2019,5.11,43.05,86.77,"3,085.20"
11/06/2019,5.14,42.69,86.81,"3,076.80"
11/05/2019,5.14,42.77,86.91,"3,074.60"
11/04/2019,5.16,42.51,87.0,"3,078.30"
11/01/2019,5.18,42.0,86.82,"3,066.90"
10/31/2019,5.18,41.15,86.81,"3,037.60"
10/30/2019,5.15,41.33,87.11,"3,046.80"
10/29/2019,5.14,41.46,87.22,"3,036.90"
10/28/2019,5.14,41.88,87.38,"3,039.40"
10/25/2019,5.16,41.49,87.39,"3,022.60"
10/24/2019,5.16,41.23,87.32,"3,010.30"
10/23/2019,5.16,41.26,87.22,"3,004.50"
10/22/2019,5.16,41.38,87.14,"2,996.00"
10/21/2019,5.15,41.72,87.12,"3,006.70"
10/18/2019,5.17,41.24,87.09,"2,986.20"
10/17/2019,5.17,41.69,87.07,"2,997.90"
10/16/2019,5.15,41.52,86.95,"2,989.70"
10/15/2019,5.15,41.54,87.02,"2,995.70"
10/14/2019,5.15,41.15,86.83,"2,966.20"
