"Date","Price","Open","High","Low","Vol.","Change %"
"10/11/2024","33.37","32.67","33.65","32.50","80.11M","0.45%"
"10/10/2024","33.22","33.41","33.57","32.72","101.47M","1.31%"
"10/09/2024","32.79","32.22","33.13","32.18","100.52M","-1.62%"
"10/08/2024","33.33","33.38","33.81","32.27","322.81M","-9.16%"
"10/07/2024","36.69","36.54","37.50","36.02","218.99M","2.74%"
"10/04/2024","35.71","35.59","35.82","35.32","107.08M","3.51%"
"10/03/2024","34.50","34.16","34.95","34.10","113.21M","-2.76%"
"10/02/2024","35.48","35.11","35.55","34.45","222.09M","7.19%"
"10/01/2024","33.10","32.00","33.13","31.80","96.80M","4.15%"
"09/30/2024","31.78","32.78","32.81","31.75","98.53M","-1.21%"
"09/27/2024","32.17","31.74","32.44","31.70","100.74M","0.78%"
"09/26/2024","31.92","31.86","32.09","31.26","165.22M","7.98%"
"09/25/2024","29.56","29.44","29.89","29.42","77.31M","-2.76%"
"09/24/2024","30.40","29.40","30.50","29.28","167.71M","9.83%"
"09/23/2024","27.68","27.50","27.89","27.47","44.18M","1.95%"
"09/20/2024","27.15","27.28","27.36","27.11","29.82M","0.07%"
"09/19/2024","27.13","26.97","27.17","26.77","55.03M","3.59%"
"09/18/2024","26.19","26.45","26.47","26.16","24.63M","-0.57%"
"09/17/2024","26.34","26.33","26.52","26.30","29.94M","1.27%"
"09/16/2024","26.01","26.02","26.08","25.96","18.26M","0.58%"
"09/13/2024","25.86","25.93","25.94","25.76","20.13M","0.58%"
"09/12/2024","25.71","25.68","25.78","25.55","19.72M","-0.04%"
"09/11/2024","25.72","25.51","25.74","25.41","31.30M","1.02%"
"09/10/2024","25.46","25.53","25.54","25.29","20.72M","-0.24%"
"09/09/2024","25.52","25.41","25.61","25.36","23.50M","0.08%"
"09/06/2024","25.50","25.82","25.85","25.45","32.99M","-1.35%"
"09/05/2024","25.85","25.89","26.02","25.82","22.75M","-0.50%"
"09/04/2024","25.98","26.00","26.13","25.96","19.39M","-0.08%"
"09/03/2024","26.00","26.04","26.11","25.92","36.86M","-1.74%"
"08/30/2024","26.46","26.62","26.63","26.30","27.29M","0.49%"
"08/29/2024","26.33","26.30","26.39","26.27","22.19M","0.73%"
"08/28/2024","26.14","26.31","26.43","26.07","40.47M","-1.58%"
"08/27/2024","26.56","26.62","26.68","26.49","24.45M","1.10%"
"08/26/2024","26.27","26.23","26.37","26.15","29.55M","-0.79%"
"08/23/2024","26.48","26.31","26.57","26.24","29.29M","1.57%"
"08/22/2024","26.07","26.36","26.36","25.96","34.90M","-0.76%"
"08/21/2024","26.27","26.01","26.29","26.01","25.55M","1.04%"
"08/20/2024","26.00","26.34","26.34","25.97","42.30M","-2.26%"
"08/19/2024","26.60","26.49","26.74","26.49","33.12M","0.91%"
"08/16/2024","26.36","26.07","26.41","26.07","38.54M","2.01%"
"08/15/2024","25.84","25.61","25.94","25.61","40.02M","2.05%"
"08/14/2024","25.32","25.61","25.63","25.16","41.76M","-1.86%"
"08/13/2024","25.80","25.72","25.82","25.67","24.57M","0.58%"
"08/12/2024","25.65","25.57","25.76","25.54","34.28M","0.79%"
"08/09/2024","25.45","25.40","25.46","25.28","18.96M","-0.16%"
"08/08/2024","25.49","25.22","25.53","25.17","41.36M","2.41%"
"08/07/2024","24.89","25.23","25.25","24.84","30.57M","0.44%"
"08/06/2024","24.78","24.61","24.93","24.60","29.32M","-1.00%"
"08/05/2024","25.03","24.63","25.10","24.59","37.46M","-0.67%"
"08/02/2024","25.20","25.16","25.22","25.01","34.15M","-0.47%"
"08/01/2024","25.32","25.69","25.72","25.27","34.54M","-1.40%"
"07/31/2024","25.68","25.87","25.97","25.64","30.82M","1.38%"
"07/30/2024","25.33","25.37","25.37","25.26","27.49M","-0.90%"
"07/29/2024","25.56","25.55","25.62","25.47","23.13M","0.16%"
"07/26/2024","25.52","25.35","25.60","25.28","24.67M","0.51%"
"07/25/2024","25.39","25.45","25.57","25.38","31.51M","-1.21%"
"07/24/2024","25.70","25.86","26.02","25.68","36.12M","-1.12%"
"07/23/2024","25.99","25.96","26.01","25.86","40.60M","-1.40%"
"07/22/2024","26.36","26.29","26.43","26.22","35.18M","2.09%"
"07/19/2024","25.82","25.91","25.95","25.81","24.61M","-0.73%"
"07/18/2024","26.01","26.29","26.42","26.01","31.34M","-0.91%"
"07/17/2024","26.25","26.40","26.44","26.19","33.75M","-1.35%"
"07/16/2024","26.61","26.36","26.64","26.31","28.32M","0.00%"
"07/15/2024","26.61","26.89","26.90","26.60","50.98M","-2.24%"
"07/12/2024","27.22","27.46","27.60","27.20","41.05M","1.04%"
"07/11/2024","26.94","26.80","27.05","26.78","45.87M","2.12%"
"07/10/2024","26.38","26.41","26.49","26.30","21.40M","-0.45%"
"07/09/2024","26.50","26.14","26.53","26.13","33.08M","1.03%"
"07/08/2024","26.23","26.23","26.25","26.14","23.11M","-0.79%"
"07/05/2024","26.44","26.43","26.48","26.22","41.92M","-1.71%"
"07/03/2024","26.90","26.63","26.94","26.63","29.69M","1.78%"
"07/02/2024","26.43","26.26","26.44","26.19","23.66M","1.34%"
"07/01/2024","26.08","26.19","26.27","26.07","24.29M","0.35%"
"06/28/2024","25.99","26.12","26.12","25.93","22.89M","0.39%"
"06/27/2024","25.89","26.17","26.19","25.87","41.32M","-2.38%"
"06/26/2024","26.52","26.53","26.58","26.43","15.81M","0.04%"
"06/25/2024","26.51","26.57","26.60","26.44","25.14M","-0.79%"
"06/24/2024","26.72","26.63","26.95","26.63","31.02M","1.14%"
"06/21/2024","26.42","26.61","26.67","26.42","35.99M","-1.71%"
"06/20/2024","26.88","26.94","26.99","26.74","36.65M","1.20%"
"06/18/2024","26.56","26.42","26.62","26.35","21.65M","0.23%"
"06/17/2024","26.50","26.37","26.52","26.30","25.55M","1.26%"
"06/14/2024","26.17","26.22","26.28","26.11","27.52M","-0.83%"
"06/13/2024","26.39","26.55","26.65","26.29","22.07M","-0.08%"
"06/12/2024","26.41","26.57","26.64","26.38","29.44M","-0.23%"
"06/11/2024","26.47","26.61","26.62","26.36","23.49M","-1.05%"
"06/10/2024","26.75","26.61","26.81","26.50","26.29M","0.94%"
"06/07/2024","26.50","26.81","26.86","26.50","44.84M","-2.54%"
"06/06/2024","27.19","27.20","27.23","26.99","20.87M","-0.04%"
"06/05/2024","27.20","27.08","27.20","26.98","26.24M","0.85%"
"06/04/2024","26.97","27.01","27.10","26.82","25.23M","0.78%"
"06/03/2024","26.76","26.97","27.06","26.60","28.67M","0.49%"
"05/31/2024","26.63","26.55","26.68","26.42","43.80M","-1.92%"
"05/30/2024","27.15","26.81","27.18","26.78","25.92M","0.11%"
"05/29/2024","27.12","27.05","27.17","27.01","38.70M","-1.60%"
"05/28/2024","27.56","27.65","27.75","27.48","25.48M","-0.07%"
"05/24/2024","27.58","27.48","27.67","27.42","24.41M","-0.18%"
"05/23/2024","27.63","28.00","28.10","27.56","49.55M","-2.02%"
"05/22/2024","28.20","28.45","28.50","28.18","41.73M","-1.26%"
"05/21/2024","28.56","28.58","28.69","28.44","43.74M","-1.55%"
"05/20/2024","29.01","29.02","29.18","28.95","30.49M","-1.09%"
"05/17/2024","29.33","29.17","29.53","29.05","46.27M","0.58%"
"05/16/2024","29.16","28.71","29.20","28.57","65.47M","2.93%"
"05/15/2024","28.33","28.28","28.35","28.06","35.74M","1.14%"
"05/14/2024","28.01","28.03","28.15","27.97","42.20M","-1.23%"
"05/13/2024","28.36","28.13","28.46","28.12","48.23M","2.12%"
"05/10/2024","27.77","27.92","27.99","27.67","46.32M","1.35%"
"05/09/2024","27.40","27.33","27.41","27.17","43.60M","2.16%"
"05/08/2024","26.82","26.59","26.83","26.56","27.74M","-0.37%"
"05/07/2024","26.92","27.00","27.03","26.90","40.35M","-1.43%"
"05/06/2024","27.31","27.40","27.47","27.18","39.77M","-0.07%"
"05/03/2024","27.33","27.26","27.35","27.06","55.43M","0.66%"
"05/02/2024","27.15","26.46","27.28","26.45","98.52M","5.72%"
"05/01/2024","25.68","25.62","25.92","25.53","46.17M","0.75%"
"04/30/2024","25.49","25.73","25.79","25.49","51.95M","-2.37%"
"04/29/2024","26.11","25.89","26.12","25.83","36.48M","0.93%"
"04/26/2024","25.87","25.92","26.03","25.76","47.82M","1.69%"
"04/25/2024","25.44","25.11","25.46","25.11","43.06M","0.67%"
"04/24/2024","25.27","25.22","25.29","25.11","44.86M","1.90%"
"04/23/2024","24.80","24.60","24.81","24.57","32.63M","1.56%"
"04/22/2024","24.42","24.11","24.43","24.04","42.04M","1.71%"
"04/19/2024","24.01","23.95","24.05","23.90","32.79M","-0.29%"
"04/18/2024","24.08","23.97","24.15","23.95","40.75M","1.82%"
"04/17/2024","23.65","23.81","23.83","23.61","36.31M","-0.08%"
"04/16/2024","23.67","23.74","23.85","23.61","47.79M","-1.05%"
"04/15/2024","23.92","24.22","24.23","23.86","47.20M","0.34%"
"04/12/2024","23.84","24.22","24.22","23.79","73.62M","-3.48%"
"04/11/2024","24.70","24.79","24.82","24.53","33.45M","0.94%"
"04/10/2024","24.47","24.52","24.61","24.36","36.95M","-0.49%"
"04/09/2024","24.59","24.47","24.60","24.44","25.84M","0.94%"
"04/08/2024","24.36","24.38","24.50","24.33","24.85M","0.70%"
"04/05/2024","24.19","24.19","24.28","24.15","32.45M","-0.53%"
"04/04/2024","24.32","24.66","24.68","24.27","41.16M","-0.53%"
"04/03/2024","24.45","24.33","24.49","24.26","29.45M","-0.61%"
"04/02/2024","24.60","24.55","24.78","24.51","36.01M","0.82%"
"04/01/2024","24.40","24.44","24.59","24.27","38.57M","1.37%"
"03/28/2024","24.07","23.95","24.19","23.95","33.13M","1.09%"
"03/27/2024","23.81","23.64","23.83","23.58","20.69M","-0.13%"
"03/26/2024","23.84","23.93","23.96","23.83","21.30M","0.55%"
"03/25/2024","23.71","23.68","23.82","23.67","19.44M","0.13%"
"03/22/2024","23.68","23.69","23.76","23.61","38.80M","-1.42%"
"03/21/2024","24.02","24.18","24.22","24.02","35.39M","-0.46%"
"03/20/2024","24.13","23.94","24.15","23.88","33.52M","0.92%"
"03/19/2024","23.91","23.88","23.97","23.71","23.46M","-0.50%"
"03/18/2024","24.03","24.13","24.17","23.97","25.82M","0.17%"
"03/15/2024","23.99","24.10","24.16","23.98","35.40M","-0.62%"
"03/14/2024","24.14","24.39","24.42","24.06","56.86M","-2.03%"
"03/13/2024","24.64","24.66","24.89","24.60","43.98M","0.33%"
"03/12/2024","24.56","24.47","24.60","24.39","47.34M","2.16%"
"03/11/2024","24.04","23.85","24.17","23.85","57.84M","2.43%"
"03/08/2024","23.47","23.41","23.55","23.33","41.08M","0.60%"
"03/07/2024","23.33","23.28","23.36","23.19","36.30M","-0.85%"
"03/06/2024","23.53","23.68","23.77","23.49","54.44M","2.17%"
"03/05/2024","23.03","23.12","23.25","23.01","54.55M","-1.54%"
"03/04/2024","23.39","23.71","23.71","23.33","51.82M","-2.22%"
"03/01/2024","23.92","23.80","23.96","23.75","42.91M","2.13%"
"02/29/2024","23.42","23.61","23.66","23.35","31.13M","-0.17%"
"02/28/2024","23.46","23.76","23.77","23.46","62.24M","-3.54%"
"02/27/2024","24.32","24.29","24.35","24.22","40.40M","1.71%"
"02/26/2024","23.91","23.96","24.13","23.89","34.79M","-0.87%"
"02/23/2024","24.12","24.18","24.24","23.95","32.65M","0.71%"
"02/22/2024","23.95","23.90","23.98","23.69","45.47M","1.53%"
"02/21/2024","23.59","23.54","23.73","23.45","52.37M","2.92%"
"02/20/2024","22.92","23.08","23.18","22.83","35.47M","-0.65%"
"02/16/2024","23.07","23.20","23.31","23.07","70.40M","1.36%"
"02/15/2024","22.76","22.63","22.80","22.62","39.07M","0.40%"
"02/14/2024","22.67","22.55","22.68","22.44","57.00M","2.12%"
"02/13/2024","22.20","22.43","22.64","22.10","55.17M","-2.29%"
"02/12/2024","22.72","22.47","22.99","22.43","55.86M","1.61%"
"02/09/2024","22.36","22.15","22.38","21.92","35.13M","1.18%"
"02/08/2024","22.10","22.29","22.35","22.10","57.77M","-2.30%"
"02/07/2024","22.62","22.58","22.83","22.52","60.54M","-2.20%"
"02/06/2024","23.13","22.72","23.16","22.56","120.73M","5.71%"
"02/05/2024","21.88","21.61","21.93","21.54","46.74M","2.20%"
"02/02/2024","21.41","21.45","21.54","21.33","46.79M","-2.06%"
"02/01/2024","21.86","21.90","22.01","21.73","37.14M","0.46%"
"01/31/2024","21.76","21.64","22.06","21.63","45.46M","-0.78%"
"01/30/2024","21.93","21.89","22.00","21.80","44.87M","-1.62%"
"01/29/2024","22.29","22.56","22.58","22.10","57.04M","-1.37%"
"01/26/2024","22.60","22.49","22.69","22.44","27.06M","-0.66%"
"01/25/2024","22.75","22.97","23.09","22.64","49.79M","-0.09%"
"01/24/2024","22.77","22.99","23.03","22.67","90.70M","2.99%"
"01/23/2024","22.11","21.85","22.16","21.84","104.31M","4.59%"
"01/22/2024","21.14","20.93","21.20","20.86","53.02M","-2.49%"
"01/19/2024","21.68","21.31","21.76","21.20","54.98M","0.70%"
"01/18/2024","21.53","21.59","21.65","21.46","42.41M","0.37%"
"01/17/2024","21.45","21.24","21.51","21.20","58.52M","-2.59%"
"01/16/2024","22.02","22.29","22.29","21.99","63.42M","-3.12%"
"01/12/2024","22.73","22.90","23.04","22.73","35.12M","-0.44%"
"01/11/2024","22.83","22.80","22.86","22.62","36.65M","1.51%"
"01/10/2024","22.49","22.56","22.58","22.43","35.95M","0.04%"
"01/09/2024","22.48","22.51","22.56","22.44","43.39M","-2.01%"
"01/08/2024","22.94","22.72","22.97","22.64","45.39M","-1.25%"
"01/05/2024","23.23","23.40","23.45","23.22","38.72M","-0.56%"
"01/04/2024","23.36","23.44","23.57","23.34","40.73M","-1.31%"
"01/03/2024","23.67","23.28","23.69","23.26","38.48M","1.85%"
"01/02/2024","23.24","23.44","23.47","23.22","45.91M","-3.29%"
"12/29/2023","24.03","23.83","24.07","23.82","30.00M","0.63%"
"12/28/2023","23.88","23.73","23.97","23.72","45.98M","2.71%"
"12/27/2023","23.25","23.25","23.35","23.16","36.42M","0.13%"
"12/26/2023","23.22","23.23","23.37","23.08","26.35M","0.74%"
"12/22/2023","23.05","22.88","23.16","22.82","53.06M","-2.78%"
"12/21/2023","23.71","23.41","23.72","23.34","49.91M","3.49%"
"12/20/2023","22.91","23.25","23.32","22.91","50.31M","-5.33%"
"12/19/2023","24.20","24.01","24.25","23.97","35.57M","1.34%"
"12/18/2023","23.88","24.04","24.04","23.78","39.19M","-1.04%"
"12/15/2023","24.13","24.30","24.43","24.13","37.64M","-0.21%"
"12/14/2023","24.18","23.82","24.20","23.81","43.38M","1.30%"
"12/13/2023","23.87","23.70","23.87","23.38","37.52M","-0.33%"
"12/12/2023","23.95","23.82","23.96","23.67","33.85M","0.67%"
"12/11/2023","23.79","23.59","23.82","23.55","28.93M","0.38%"
"12/08/2023","23.70","23.80","23.87","23.67","31.18M","-1.37%"
"12/07/2023","24.03","23.97","24.05","23.91","21.68M","0.33%"
"12/06/2023","23.95","24.13","24.19","23.94","37.87M","0.04%"
"12/05/2023","23.94","23.83","23.99","23.77","39.97M","-1.52%"
"12/04/2023","24.31","24.42","24.53","24.29","39.86M","-2.33%"
"12/01/2023","24.89","24.75","24.92","24.58","49.16M","-1.07%"
"11/30/2023","25.16","25.15","25.22","24.89","34.79M","0.40%"
"11/29/2023","25.06","25.15","25.28","25.04","43.47M","-2.53%"
"11/28/2023","25.71","25.82","25.83","25.59","32.29M","-1.19%"
"11/27/2023","26.02","26.02","26.09","25.95","24.85M","-1.29%"
"11/24/2023","26.36","26.14","26.38","26.13","16.13M","0.27%"
"11/22/2023","26.29","26.33","26.40","26.12","23.14M","0.50%"
"11/21/2023","26.16","26.27","26.45","26.11","28.71M","-1.99%"
"11/20/2023","26.69","26.41","26.73","26.36","38.82M","2.18%"
"11/17/2023","26.12","26.11","26.32","25.98","50.45M","0.08%"
"11/16/2023","26.10","26.13","26.48","25.96","77.73M","-4.08%"
"11/15/2023","27.21","27.01","27.42","26.94","58.10M","2.37%"
"11/14/2023","26.58","26.24","26.66","26.21","52.63M","2.15%"
"11/13/2023","26.02","25.90","26.20","25.81","28.34M","1.32%"
"11/10/2023","25.68","25.60","25.72","25.48","28.77M","-0.31%"
"11/09/2023","25.76","26.08","26.19","25.69","42.98M","-1.38%"
"11/08/2023","26.12","26.16","26.33","26.06","25.29M","-0.72%"
"11/07/2023","26.31","26.23","26.40","26.05","20.53M","-0.45%"
"11/06/2023","26.43","26.60","26.64","26.37","24.23M","0.30%"
"11/03/2023","26.35","26.14","26.42","26.14","53.46M","2.33%"
"11/02/2023","25.75","25.71","25.83","25.60","38.06M","1.06%"
"11/01/2023","25.48","25.35","25.48","25.23","27.12M","-0.16%"
"10/31/2023","25.52","25.48","25.55","25.17","50.28M","-1.62%"
"10/30/2023","25.94","26.07","26.12","25.77","34.73M","1.05%"
"10/27/2023","25.67","25.97","26.06","25.59","28.66M","0.35%"
"10/26/2023","25.58","25.49","25.70","25.41","24.40M","0.20%"
"10/25/2023","25.53","25.49","25.68","25.35","37.83M","-2.03%"
"10/24/2023","26.06","25.32","26.13","25.31","67.50M","3.21%"
"10/23/2023","25.25","25.05","25.32","24.84","25.98M","0.88%"
"10/20/2023","25.03","25.25","25.37","25.03","49.21M","-2.07%"
"10/19/2023","25.56","25.69","25.81","25.53","36.03M","-1.73%"
"10/18/2023","26.01","26.19","26.23","25.93","34.01M","-1.66%"
"10/17/2023","26.45","26.31","26.56","26.27","22.49M","-0.75%"
"10/16/2023","26.65","26.36","26.75","26.24","23.86M","0.64%"
"10/13/2023","26.48","26.48","26.67","26.39","23.60M","-0.75%"
"10/12/2023","26.68","27.24","27.27","26.60","43.06M","-1.73%"
"10/11/2023","27.15","27.13","27.27","26.99","33.40M","0.97%"
"10/10/2023","26.89","26.56","26.92","26.54","39.32M","2.56%"
"10/09/2023","26.22","25.99","26.25","25.96","14.27M","-0.04%"
"10/06/2023","26.23","25.82","26.32","25.79","37.51M","2.10%"
"10/05/2023","25.69","25.52","25.70","25.48","22.02M","0.63%"
"10/04/2023","25.53","25.67","26.87","25.50","23.40M","-0.85%"
"10/03/2023","25.75","25.75","25.83","25.67","34.78M","-2.35%"
"10/02/2023","26.37","26.46","26.55","26.27","21.82M","-0.60%"
"09/29/2023","26.53","26.76","26.77","26.41","25.15M","1.03%"
"09/28/2023","26.26","26.10","26.30","26.03","26.39M","-0.57%"
"09/27/2023","26.41","26.46","26.48","26.22","23.27M","0.23%"
"09/26/2023","26.35","26.39","26.54","26.28","31.12M","-1.38%"
"09/25/2023","26.72","26.54","26.76","26.54","29.07M","-1.55%"
"09/22/2023","27.14","27.28","27.28","27.08","53.79M","3.55%"
"09/21/2023","26.21","26.26","26.36","26.21","32.34M","-2.16%"
"09/20/2023","26.79","26.97","27.10","26.78","17.86M","-0.70%"
"09/19/2023","26.98","27.03","27.15","26.92","16.98M","-0.26%"
"09/18/2023","27.05","26.96","27.08","26.81","24.99M","-0.48%"
"09/15/2023","27.18","27.26","27.32","27.10","28.63M","-0.44%"
"09/14/2023","27.30","27.25","27.41","27.14","27.62M","0.85%"
"09/13/2023","27.07","27.06","27.18","27.00","23.06M","-0.84%"
"09/12/2023","27.30","27.11","27.39","27.10","17.90M","0.22%"
"09/11/2023","27.24","27.30","27.41","27.12","27.08M","1.34%"
"09/08/2023","26.88","26.90","26.98","26.69","31.71M","-0.15%"
"09/07/2023","26.92","27.06","27.07","26.82","41.75M","-2.85%"
"09/06/2023","27.71","27.68","27.97","27.61","22.80M","0.29%"
"09/05/2023","27.63","27.76","27.82","27.52","44.26M","-1.46%"
"09/01/2023","28.04","27.87","28.45","27.86","52.02M","2.34%"
"08/31/2023","27.40","27.51","27.55","27.27","38.65M","-1.30%"
"08/30/2023","27.76","27.58","27.84","27.57","34.46M","-0.68%"
"08/29/2023","27.95","27.74","28.04","27.59","55.14M","1.97%"
"08/28/2023","27.41","27.21","27.53","27.11","36.51M","2.39%"
"08/25/2023","26.77","26.80","26.83","26.45","36.76M","-0.19%"
"08/24/2023","26.82","26.96","27.05","26.71","30.73M","0.45%"
"08/23/2023","26.70","26.37","26.79","26.35","42.68M","2.14%"
"08/22/2023","26.14","26.35","26.40","26.03","26.95M","-0.04%"
"08/21/2023","26.15","25.95","26.16","25.85","32.84M","-0.15%"
"08/18/2023","26.19","26.20","26.36","26.08","57.40M","-2.46%"
"08/17/2023","26.85","27.23","27.23","26.81","32.70M","0.75%"
"08/16/2023","26.65","26.73","26.90","26.60","38.49M","-2.06%"
"08/15/2023","27.21","27.50","27.50","27.13","32.25M","-1.63%"
"08/14/2023","27.66","27.50","27.78","27.35","31.45M","-0.93%"
"08/11/2023","27.92","28.08","28.09","27.72","55.06M","-3.16%"
"08/10/2023","28.83","28.94","29.34","28.71","28.87M","0.80%"
"08/09/2023","28.60","28.75","28.80","28.35","23.90M","0.42%"
"08/08/2023","28.48","28.35","28.51","28.14","28.57M","-1.86%"
"08/07/2023","29.02","29.33","29.33","28.78","20.30M","-0.38%"
"08/04/2023","29.13","29.43","29.57","29.10","34.83M","-1.42%"
"08/03/2023","29.55","29.32","29.66","29.28","40.64M","2.71%"
"08/02/2023","28.77","29.15","29.16","28.73","42.68M","-3.07%"
"08/01/2023","29.68","29.88","29.94","29.62","34.03M","-2.43%"
"07/31/2023","30.42","30.09","30.54","29.98","41.72M","1.13%"
"07/28/2023","30.08","29.65","30.08","29.61","61.39M","5.54%"
"07/27/2023","28.50","28.97","29.01","28.44","30.76M","-1.62%"
"07/26/2023","28.97","28.47","29.03","28.46","27.95M","1.44%"
"07/25/2023","28.56","28.97","29.05","28.52","30.97M","1.24%"
"07/24/2023","28.21","27.38","28.45","27.31","43.75M","2.14%"
"07/21/2023","27.62","27.82","27.88","27.55","13.66M","0.07%"
"07/20/2023","27.60","27.57","27.71","27.46","16.84M","-0.36%"
"07/19/2023","27.70","27.88","28.07","27.68","30.15M","0.65%"
"07/18/2023","27.52","27.73","27.81","27.33","33.86M","-2.24%"
"07/17/2023","28.15","27.95","28.21","27.78","26.91M","-0.49%"
"07/14/2023","28.29","28.44","28.44","28.20","28.19M","-1.77%"
"07/13/2023","28.80","28.49","28.82","28.47","33.46M","2.27%"
"07/12/2023","28.16","27.88","28.22","27.77","47.21M","3.00%"
"07/11/2023","27.34","27.18","27.35","26.97","22.17M","0.66%"
"07/10/2023","27.16","26.87","27.23","26.84","16.66M","-0.07%"
"07/07/2023","27.18","26.74","27.34","26.74","41.73M","2.18%"
"07/06/2023","26.60","26.72","26.83","26.50","36.82M","-2.88%"
"07/05/2023","27.39","27.44","27.45","27.28","21.15M","-1.15%"
"07/03/2023","27.71","27.76","27.97","27.65","26.58M","1.91%"
"06/30/2023","27.19","27.17","27.32","27.09","19.67M","0.93%"
"06/29/2023","26.94","26.92","27.03","26.88","24.34M","-1.57%"
"06/28/2023","27.37","27.38","27.39","27.19","16.78M","-0.83%"
"06/27/2023","27.60","27.47","27.61","27.40","26.47M","2.18%"
"06/26/2023","27.01","27.00","27.21","26.95","18.87M","0.52%"
"06/23/2023","26.87","27.03","27.05","26.76","28.70M","-2.08%"
"06/22/2023","27.44","27.41","27.51","27.23","15.07M","-0.22%"
"06/21/2023","27.50","27.52","27.73","27.43","21.54M","-0.61%"
"06/20/2023","27.67","28.09","28.17","27.61","52.58M","-4.29%"
"06/16/2023","28.91","29.24","29.25","28.79","31.17M","-0.58%"
"06/15/2023","29.08","28.93","29.08","28.76","39.55M","2.21%"
"06/14/2023","28.45","28.07","28.57","28.02","35.57M","1.35%"
"06/13/2023","28.07","28.09","28.31","28.00","22.65M","1.15%"
"06/12/2023","27.75","27.82","27.89","27.74","18.29M","-0.25%"
"06/09/2023","27.82","27.92","28.02","27.78","20.19M","0.11%"
"06/08/2023","27.79","27.67","27.92","27.65","31.27M","1.05%"
"06/07/2023","27.50","27.69","27.96","27.49","30.33M","-1.75%"
"06/06/2023","27.99","27.37","28.06","27.31","39.72M","2.19%"
"06/05/2023","27.39","27.26","27.44","27.15","24.08M","-0.15%"
"06/02/2023","27.43","27.33","27.61","27.33","58.10M","3.00%"
"06/01/2023","26.63","25.97","26.74","25.96","43.15M","2.54%"
"05/31/2023","25.97","25.87","25.98","25.51","37.72M","-0.27%"
"05/30/2023","26.04","26.41","26.48","25.91","41.49M","-2.94%"
"05/26/2023","26.83","26.53","26.92","26.43","25.12M","1.67%"
"05/25/2023","26.39","26.72","26.73","26.34","35.35M","-2.04%"
"05/24/2023","26.94","27.20","27.26","26.89","38.00M","-2.00%"
"05/23/2023","27.49","27.82","27.90","27.48","36.15M","-3.03%"
"05/22/2023","28.35","28.32","28.61","28.31","23.55M","1.61%"
"05/19/2023","27.90","27.89","27.97","27.80","22.35M","-0.53%"
"05/18/2023","28.05","28.40","28.43","27.90","34.72M","-1.37%"
"05/17/2023","28.44","28.25","28.48","28.16","26.24M","-1.04%"
"05/16/2023","28.74","28.50","28.82","28.49","26.53M","-1.03%"
"05/15/2023","29.04","28.56","29.06","28.42","48.13M","4.50%"
"05/12/2023","27.79","28.12","28.13","27.73","30.84M","-2.63%"
"05/11/2023","28.54","28.22","28.57","28.17","27.60M","1.06%"
"05/10/2023","28.24","28.14","28.34","28.04","22.43M","-0.70%"
"05/09/2023","28.44","28.19","28.47","28.14","22.82M","-1.56%"
"05/08/2023","28.89","29.00","29.01","28.78","21.78M","0.77%"
"05/05/2023","28.67","28.48","28.72","28.35","19.26M","1.31%"
"05/04/2023","28.30","28.11","28.39","28.10","32.22M","2.69%"
"05/03/2023","27.56","27.61","27.75","27.49","23.91M","-0.47%"
"05/02/2023","27.69","27.92","27.93","27.47","32.57M","-1.88%"
"05/01/2023","28.22","28.24","28.46","28.19","20.40M","-0.39%"
"04/28/2023","28.33","28.15","28.34","28.08","20.40M","0.50%"
"04/27/2023","28.19","27.89","28.27","27.84","23.27M","1.40%"
"04/26/2023","27.80","28.03","28.08","27.74","30.51M","1.65%"
"04/25/2023","27.35","27.60","27.64","27.28","42.27M","-2.70%"
"04/24/2023","28.11","28.24","28.26","28.02","24.20M","-1.02%"
"04/21/2023","28.40","28.43","28.50","28.25","27.02M","-1.46%"
"04/20/2023","28.82","29.02","29.21","28.73","23.30M","-0.65%"
"04/19/2023","29.01","28.97","29.09","28.88","19.98M","-1.23%"
"04/18/2023","29.37","29.61","29.66","29.30","17.83M","-0.41%"
"04/17/2023","29.49","29.39","29.50","29.25","30.77M","2.72%"
"04/14/2023","28.71","28.93","28.98","28.61","21.02M","-1.24%"
"04/13/2023","29.07","29.00","29.13","28.92","29.61M","2.32%"
"04/12/2023","28.41","29.04","29.08","28.33","44.01M","-2.74%"
"04/11/2023","29.21","29.46","29.53","29.18","31.52M","0.07%"
"04/10/2023","29.19","29.06","29.20","28.96","23.14M","-0.34%"
"04/06/2023","29.29","28.96","29.41","28.89","29.22M","1.24%"
"04/05/2023","28.93","29.20","29.20","28.75","34.42M","-1.16%"
"04/04/2023","29.27","29.13","29.35","29.01","39.70M","-0.44%"
"04/03/2023","29.40","29.50","29.57","29.30","27.89M","-0.44%"
"03/31/2023","29.53","29.68","29.78","29.45","27.70M","-1.27%"
"03/30/2023","29.91","29.71","30.01","29.62","38.12M","1.70%"
"03/29/2023","29.41","29.29","29.54","29.09","31.59M","0.03%"
"03/28/2023","29.40","29.07","29.42","28.94","45.88M","4.11%"
"03/27/2023","28.24","28.28","28.36","28.09","28.47M","-2.05%"
"03/24/2023","28.83","28.62","28.93","28.62","19.79M","-0.41%"
"03/23/2023","28.95","29.01","29.31","28.71","42.66M","3.14%"
"03/22/2023","28.07","28.24","28.48","28.05","21.82M","0.32%"
"03/21/2023","27.98","27.85","28.05","27.76","30.15M","1.41%"
"03/20/2023","27.59","27.38","27.83","27.28","25.37M","-0.07%"
"03/17/2023","27.61","27.82","27.89","27.41","27.74M","-0.25%"
"03/16/2023","27.68","27.17","27.72","27.15","30.25M","1.28%"
"03/15/2023","27.33","27.26","27.38","26.99","45.98M","-1.41%"
"03/14/2023","27.72","27.47","27.76","27.37","24.37M","0.65%"
"03/13/2023","27.54","27.41","27.75","27.34","45.57M","0.62%"
"03/10/2023","27.37","27.34","27.59","27.19","36.04M","-0.07%"
"03/09/2023","27.39","27.99","27.99","27.31","51.53M","-3.69%"
"03/08/2023","28.44","28.41","28.56","28.34","22.86M","-1.08%"
"03/07/2023","28.75","29.11","29.13","28.71","36.24M","-1.81%"
"03/06/2023","29.28","29.42","29.59","29.25","22.39M","-1.11%"
"03/03/2023","29.61","29.57","29.68","29.49","19.89M","-0.13%"
"03/02/2023","29.65","29.08","29.68","29.02","33.07M","1.82%"
"03/01/2023","29.12","29.26","29.32","28.99","52.40M","4.15%"
"02/28/2023","27.96","28.02","28.22","27.88","29.86M","-1.13%"
"02/27/2023","28.28","28.31","28.34","28.13","29.31M","1.33%"
"02/24/2023","27.91","28.00","28.19","27.75","47.13M","-3.02%"
"02/23/2023","28.78","29.38","29.44","28.58","32.68M","-0.55%"
"02/22/2023","28.94","29.15","29.25","28.82","28.24M","-0.86%"
"02/21/2023","29.19","29.29","29.52","29.16","29.09M","-1.15%"
"02/17/2023","29.53","29.61","29.69","29.34","35.92M","-2.02%"
"02/16/2023","30.14","29.90","30.33","29.83","26.93M","0.07%"
"02/15/2023","30.12","29.90","30.12","29.82","29.64M","-0.79%"
"02/14/2023","30.36","30.15","30.45","30.02","23.64M","-0.91%"
"02/13/2023","30.64","30.56","30.77","30.41","25.95M","1.66%"
"02/10/2023","30.14","30.44","30.49","29.97","42.70M","-2.84%"
"02/09/2023","31.02","31.25","31.35","30.92","42.05M","1.87%"
"02/08/2023","30.45","30.64","30.69","30.30","21.43M","-1.39%"
"02/07/2023","30.88","30.88","30.99","30.50","26.17M","0.85%"
"02/06/2023","30.62","30.40","30.69","30.23","38.47M","-1.51%"
"02/03/2023","31.09","31.43","31.59","31.03","45.20M","-2.45%"
"02/02/2023","31.87","32.28","32.29","31.74","46.93M","-1.97%"
"02/01/2023","32.51","32.25","32.68","32.03","43.14M","2.23%"
"01/31/2023","31.80","31.78","31.97","31.58","39.14M","-0.63%"
"01/30/2023","32.00","32.21","32.34","31.88","60.03M","-3.70%"
"01/27/2023","33.23","33.36","33.38","33.05","30.64M","-0.18%"
"01/26/2023","33.29","33.22","33.33","33.01","34.19M","1.31%"
"01/25/2023","32.86","32.70","32.88","32.39","22.23M","0.21%"
"01/24/2023","32.79","32.63","32.87","32.55","24.18M","-0.18%"
"01/23/2023","32.85","32.75","33.04","32.56","32.35M","1.11%"
"01/20/2023","32.49","32.14","32.51","32.03","59.46M","2.49%"
"01/19/2023","31.70","31.41","31.80","31.39","48.12M","1.99%"
"01/18/2023","31.08","31.72","31.80","31.07","33.98M","-0.99%"
"01/17/2023","31.39","31.64","31.67","31.33","48.18M","-2.18%"
"01/13/2023","32.09","31.76","32.14","31.75","51.83M","1.42%"
"01/12/2023","31.64","31.75","31.75","31.33","52.93M","-0.85%"
"01/11/2023","31.91","31.68","32.03","31.54","40.91M","1.01%"
"01/10/2023","31.59","31.34","31.62","31.15","35.85M","1.25%"
"01/09/2023","31.20","31.56","31.61","31.16","36.57M","0.00%"
"01/06/2023","31.20","30.85","31.25","30.58","39.04M","0.26%"
"01/05/2023","31.12","30.69","31.23","30.61","37.01M","-0.22%"
"01/04/2023","31.19","30.35","31.19","30.19","70.11M","6.38%"
"01/03/2023","29.32","29.06","29.54","29.04","41.41M","3.60%"
"12/30/2022","28.30","28.50","28.75","28.24","32.77M","-2.45%"
"12/29/2022","29.01","28.59","29.01","28.48","44.26M","3.02%"
"12/28/2022","28.16","28.81","28.90","28.16","46.90M","-3.30%"
"12/27/2022","29.12","28.40","29.31","28.30","59.26M","4.75%"
"12/23/2022","27.80","28.11","28.18","27.77","17.32M","-0.57%"
"12/22/2022","27.96","28.22","28.35","27.74","25.59M","-0.60%"
"12/21/2022","28.13","27.60","28.15","27.44","32.66M","2.81%"
"12/20/2022","27.36","27.37","27.72","27.34","29.35M","-1.51%"
"12/19/2022","27.78","28.10","28.14","27.75","21.40M","-0.57%"
"12/16/2022","27.94","28.07","28.30","27.93","31.09M","0.29%"
"12/15/2022","27.86","28.63","28.88","27.75","57.05M","-2.38%"
"12/14/2022","28.54","28.44","28.69","28.30","43.07M","0.63%"
"12/13/2022","28.36","28.91","29.13","28.20","52.97M","-0.87%"
"12/12/2022","28.61","28.76","28.78","28.30","43.73M","-1.17%"
"12/09/2022","28.95","29.38","29.48","28.93","40.72M","-0.52%"
"12/08/2022","29.10","28.98","29.21","28.82","58.07M","3.26%"
"12/07/2022","28.18","28.04","28.37","27.88","45.34M","-2.15%"
"12/06/2022","28.80","28.90","29.06","28.58","42.32M","1.27%"
"12/05/2022","28.44","28.97","29.00","28.31","34.67M","-0.32%"
"12/02/2022","28.53","27.49","28.70","27.43","63.44M","2.85%"
"12/01/2022","27.74","27.81","28.02","27.59","52.80M","-1.49%"
"11/30/2022","28.16","27.74","28.37","27.68","85.04M","4.88%"
"11/29/2022","26.85","26.74","26.98","26.67","57.97M","5.09%"
"11/28/2022","25.55","25.19","25.86","25.17","31.34M","0.87%"
"11/25/2022","25.33","25.46","25.54","25.32","18.35M","-1.71%"
"11/23/2022","25.77","25.68","25.86","25.59","23.21M","1.30%"
"11/22/2022","25.44","25.27","25.51","25.17","27.66M","-0.97%"
"11/21/2022","25.69","25.76","25.94","25.59","42.20M","-1.53%"
"11/18/2022","26.09","26.38","26.39","26.01","50.71M","-3.12%"
"11/17/2022","26.93","25.74","26.98","25.72","51.79M","2.36%"
"11/16/2022","26.31","26.65","26.70","26.22","33.90M","-2.23%"
"11/15/2022","26.91","26.93","27.13","26.60","65.26M","5.16%"
"11/14/2022","25.59","25.70","25.83","25.45","39.97M","0.55%"
"11/11/2022","25.45","25.30","25.60","25.16","66.30M","4.47%"
"11/10/2022","24.36","24.07","24.41","23.97","53.81M","6.10%"
"11/09/2022","22.96","23.34","23.41","22.95","49.71M","-4.09%"
"11/08/2022","23.94","23.79","24.08","23.56","28.76M","-0.08%"
"11/07/2022","23.96","24.17","24.37","23.83","37.48M","0.50%"
"11/04/2022","23.84","23.75","23.85","23.21","82.29M","7.58%"
"11/03/2022","22.16","21.60","22.28","21.59","45.23M","1.00%"
"11/02/2022","21.94","22.03","22.41","21.88","62.05M","0.46%"
"11/01/2022","21.84","22.15","22.26","21.81","52.79M","4.25%"
"10/31/2022","20.95","20.92","21.16","20.87","36.10M","-2.74%"
"10/28/2022","21.54","21.39","21.55","21.23","35.76M","-2.80%"
"10/27/2022","22.16","22.26","22.58","22.14","52.38M","-2.64%"
"10/26/2022","22.76","21.97","22.95","21.94","65.98M","3.74%"
"10/25/2022","21.94","22.01","22.18","21.85","39.35M","1.90%"
"10/24/2022","21.53","21.75","21.75","20.93","101.76M","-9.99%"
"10/21/2022","23.92","23.61","23.93","23.43","31.67M","0.63%"
"10/20/2022","23.77","23.74","24.25","23.71","30.60M","0.46%"
"10/19/2022","23.66","24.09","24.17","23.59","39.80M","-4.21%"
"10/18/2022","24.70","25.17","25.23","24.54","30.54M","-0.80%"
"10/17/2022","24.90","24.73","25.06","24.70","29.21M","3.06%"
"10/14/2022","24.16","24.83","24.85","24.14","28.04M","-1.39%"
"10/13/2022","24.50","23.94","24.69","23.78","42.20M","-0.85%"
"10/12/2022","24.71","24.75","25.04","24.66","26.59M","-0.64%"
"10/11/2022","24.87","25.07","25.18","24.70","38.69M","-2.74%"
"10/10/2022","25.57","25.91","25.92","25.48","32.66M","-3.03%"
"10/07/2022","26.37","26.63","26.75","26.33","34.01M","-2.37%"
"10/06/2022","27.01","27.02","27.23","26.93","23.20M","-0.77%"
"10/05/2022","27.22","27.17","27.39","26.97","36.72M","0.74%"
"10/04/2022","27.02","26.58","27.27","26.54","62.11M","4.04%"
"10/03/2022","25.97","25.81","26.05","25.65","24.68M","0.43%"
"09/30/2022","25.86","25.75","26.15","25.74","30.43M","-0.35%"
"09/29/2022","25.95","26.06","26.09","25.72","35.59M","-3.24%"
"09/28/2022","26.82","26.22","26.87","26.16","28.95M","1.09%"
"09/27/2022","26.53","26.87","27.13","26.37","57.38M","-0.90%"
"09/26/2022","26.77","26.86","27.07","26.73","34.72M","0.60%"
"09/23/2022","26.61","26.57","26.68","26.42","54.00M","-1.33%"
"09/22/2022","26.97","27.21","27.33","26.96","19.17M","-0.59%"
"09/21/2022","27.13","27.56","27.59","27.10","33.57M","-2.66%"
"09/20/2022","27.87","27.96","28.11","27.78","23.57M","-0.78%"
"09/19/2022","28.09","27.76","28.09","27.74","22.36M","0.36%"
"09/16/2022","27.99","28.12","28.14","27.86","28.08M","-1.51%"
"09/15/2022","28.42","28.43","28.72","28.32","25.18M","-0.39%"
"09/14/2022","28.53","28.52","28.57","28.32","26.79M","0.11%"
"09/13/2022","28.50","28.79","29.06","28.45","44.06M","-4.20%"
"09/12/2022","29.75","29.56","29.76","29.38","25.00M","1.29%"
"09/09/2022","29.37","29.28","29.52","29.23","27.72M","2.48%"
"09/08/2022","28.66","28.54","28.77","28.42","29.17M","-1.27%"
"09/07/2022","29.03","28.72","29.09","28.59","23.37M","1.22%"
"09/06/2022","28.68","28.96","28.99","28.66","28.09M","-1.98%"
"09/02/2022","29.26","29.57","29.66","29.21","32.56M","-2.04%"
"09/01/2022","29.87","29.82","29.97","29.55","31.90M","-1.13%"
"08/31/2022","30.21","30.40","30.65","30.14","33.96M","2.06%"
"08/30/2022","29.60","30.17","30.24","29.49","50.50M","-2.70%"
"08/29/2022","30.42","30.63","30.95","30.40","24.13M","-0.91%"
"08/26/2022","30.70","31.65","31.72","30.66","39.04M","-0.84%"
"08/25/2022","30.96","30.30","30.96","30.16","77.12M","5.02%"
"08/24/2022","29.48","28.93","29.81","28.86","30.34M","0.44%"
"08/23/2022","29.35","29.27","29.44","28.96","22.46M","-0.17%"
"08/22/2022","29.40","29.33","29.56","29.33","25.19M","0.75%"
"08/19/2022","29.18","29.27","29.44","29.11","25.98M","-0.58%"
"08/18/2022","29.35","29.52","29.53","29.16","25.48M","-1.08%"
"08/17/2022","29.67","29.69","29.90","29.62","27.30M","-0.20%"
"08/16/2022","29.73","29.65","29.84","29.60","20.14M","-1.16%"
"08/15/2022","30.08","29.88","30.16","29.83","18.44M","-0.53%"
"08/12/2022","30.24","29.72","30.24","29.70","19.53M","0.57%"
"08/11/2022","30.07","29.99","30.60","29.97","35.11M","1.83%"
"08/10/2022","29.53","29.35","29.58","29.12","23.08M","-0.51%"
"08/09/2022","29.68","29.82","29.95","29.63","16.90M","-0.64%"
"08/08/2022","29.87","29.99","30.14","29.81","18.36M","-0.90%"
"08/05/2022","30.14","29.93","30.19","29.86","21.42M","-1.12%"
"08/04/2022","30.48","30.64","30.85","30.29","30.15M","1.57%"
"08/03/2022","30.01","29.72","30.08","29.52","27.21M","0.84%"
"08/02/2022","29.76","29.38","30.21","29.28","54.81M","-0.70%"
"08/01/2022","29.97","29.95","30.16","29.62","33.02M","-1.35%"
"07/29/2022","30.38","30.24","30.44","30.07","42.77M","-3.25%"
"07/28/2022","31.40","31.55","31.64","30.92","25.36M","-1.29%"
"07/27/2022","31.81","31.56","31.86","31.28","24.48M","1.14%"
"07/26/2022","31.45","31.88","31.98","31.38","18.56M","-0.35%"
"07/25/2022","31.56","31.48","31.58","31.29","25.45M","0.83%"
"07/22/2022","31.30","31.77","31.81","31.21","24.65M","-2.22%"
"07/21/2022","32.01","31.63","32.01","31.63","23.87M","0.82%"
"07/20/2022","31.75","31.87","32.01","31.57","26.86M","-0.63%"
"07/19/2022","31.95","31.82","32.00","31.62","26.27M","1.01%"
"07/18/2022","31.63","31.86","32.15","31.56","33.67M","1.93%"
"07/15/2022","31.03","30.96","31.04","30.42","35.45M","-0.83%"
"07/14/2022","31.29","31.49","31.51","31.09","36.67M","-1.42%"
"07/13/2022","31.74","31.36","32.03","31.31","33.04M","-0.75%"
"07/12/2022","31.98","32.05","32.17","31.75","29.61M","-0.59%"
"07/11/2022","32.17","32.49","32.54","32.06","49.53M","-4.31%"
"07/08/2022","33.62","33.67","33.92","33.45","31.90M","-1.32%"
"07/07/2022","34.07","33.77","34.26","33.70","35.91M","2.16%"
"07/06/2022","33.35","33.50","33.55","32.97","38.02M","-1.27%"
"07/05/2022","33.78","33.29","33.83","33.08","44.10M","-0.47%"
"07/01/2022","33.94","33.73","34.12","33.48","40.28M","0.09%"
"06/30/2022","33.91","33.60","33.92","33.23","42.28M","-0.09%"
"06/29/2022","33.94","33.81","33.96","33.67","26.60M","-0.56%"
"06/28/2022","34.13","34.55","34.83","34.03","28.94M","0.03%"
"06/27/2022","34.12","34.43","34.51","34.01","33.25M","0.83%"
"06/24/2022","33.84","33.50","33.89","33.42","44.15M","2.73%"
"06/23/2022","32.94","32.91","33.27","32.53","42.13M","1.54%"
"06/22/2022","32.44","32.38","32.77","32.33","33.06M","-1.79%"
"06/21/2022","33.03","32.93","33.16","32.74","42.01M","2.48%"
"06/17/2022","32.23","32.88","32.99","31.97","52.80M","1.83%"
"06/16/2022","31.65","31.75","31.96","31.43","47.40M","-3.86%"
"06/15/2022","32.92","32.75","33.13","32.39","47.35M","1.98%"
"06/14/2022","32.28","31.91","32.41","31.79","42.08M","3.10%"
"06/13/2022","31.31","31.87","32.12","31.13","48.88M","-4.37%"
"06/10/2022","32.74","33.11","33.31","32.50","32.61M","0.06%"
"06/09/2022","32.72","33.37","33.55","32.70","49.35M","-4.22%"
"06/08/2022","34.16","33.74","34.30","33.62","56.22M","2.74%"
"06/07/2022","33.25","32.68","33.28","32.55","30.51M","1.53%"
"06/06/2022","32.75","33.00","33.22","32.56","42.95M","2.76%"
"06/03/2022","31.87","32.14","32.23","31.82","32.68M","-1.76%"
"06/02/2022","32.44","31.66","32.47","31.64","31.54M","2.89%"
"06/01/2022","31.53","32.04","32.12","31.30","36.50M","-1.04%"
"05/31/2022","31.86","32.32","32.40","31.82","49.88M","2.97%"
"05/27/2022","30.94","30.82","30.94","30.49","20.69M","0.72%"
"05/26/2022","30.72","29.71","30.80","29.70","45.76M","3.92%"
"05/25/2022","29.56","29.46","29.68","29.32","28.31M","1.27%"
"05/24/2022","29.19","29.67","29.69","29.07","44.34M","-3.82%"
"05/23/2022","30.35","30.39","30.43","30.11","23.51M","-0.23%"
"05/20/2022","30.42","30.70","30.89","29.95","31.33M","0.40%"
"05/19/2022","30.30","29.75","30.45","29.74","31.65M","2.30%"
"05/18/2022","29.62","30.11","30.32","29.59","29.22M","-2.79%"
"05/17/2022","30.47","30.67","30.83","30.10","38.86M","3.04%"
"05/16/2022","29.57","29.47","29.78","29.34","17.89M","-0.14%"
"05/13/2022","29.61","28.96","29.63","28.94","39.52M","4.48%"
"05/12/2022","28.34","28.25","28.71","27.83","47.23M","0.00%"
"05/11/2022","28.34","28.93","29.26","28.28","42.38M","0.04%"
"05/10/2022","28.33","28.68","28.73","27.99","46.31M","1.14%"
"05/09/2022","28.01","28.44","28.71","27.89","57.23M","-3.65%"
"05/06/2022","29.07","29.56","29.66","29.00","52.13M","-3.10%"
"05/05/2022","30.00","30.63","30.76","29.71","52.24M","-5.24%"
"05/04/2022","31.66","30.85","31.69","30.68","42.02M","0.44%"
"05/03/2022","31.52","31.49","31.69","31.25","37.50M","1.45%"
"05/02/2022","31.07","30.81","31.18","30.48","48.91M","0.42%"
"04/29/2022","30.94","31.59","31.79","30.88","66.73M","4.18%"
"04/28/2022","29.70","29.75","29.85","29.24","38.04M","0.78%"
"04/27/2022","29.47","29.11","29.70","29.11","61.49M","3.19%"
"04/26/2022","28.56","29.02","29.04","28.55","37.83M","-2.12%"
"04/25/2022","29.18","28.63","29.23","28.52","54.40M","-1.12%"
"04/22/2022","29.51","29.73","30.33","29.47","47.89M","0.92%"
"04/21/2022","29.24","30.07","30.18","29.18","51.84M","-2.95%"
"04/20/2022","30.13","30.88","30.91","30.13","44.59M","-2.93%"
"04/19/2022","31.04","30.86","31.09","30.53","29.19M","-0.99%"
"04/18/2022","31.35","31.29","31.51","30.98","33.40M","-0.92%"
"04/14/2022","31.64","31.93","32.00","31.62","24.84M","-1.13%"
"04/13/2022","32.00","31.59","32.08","31.49","32.89M","1.94%"
"04/12/2022","31.39","31.94","31.97","31.34","41.44M","-0.38%"
"04/11/2022","31.51","31.70","31.96","31.41","49.13M","-2.39%"
"04/08/2022","32.28","32.31","32.59","32.19","26.54M","0.09%"
"04/07/2022","32.25","32.54","32.64","32.03","34.13M","-1.50%"
"04/06/2022","32.74","32.98","33.05","32.46","43.61M","-1.95%"
"04/05/2022","33.39","34.15","34.16","33.36","40.70M","-2.74%"
"04/04/2022","34.33","33.97","34.39","33.78","40.55M","3.40%"
"04/01/2022","33.20","33.49","33.78","32.96","53.66M","3.85%"
"03/31/2022","31.97","32.74","32.77","31.96","42.77M","-3.53%"
"03/30/2022","33.14","33.11","33.62","33.06","44.72M","-0.54%"
"03/29/2022","33.32","33.45","33.73","33.20","44.33M","2.15%"
"03/28/2022","32.62","32.41","32.72","32.19","35.46M","1.56%"
"03/25/2022","32.12","31.83","32.23","31.68","34.43M","-1.50%"
"03/24/2022","32.61","32.50","32.72","32.11","53.22M","-1.09%"
"03/23/2022","32.97","32.68","33.67","32.37","46.90M","-0.63%"
"03/22/2022","33.18","32.96","33.43","32.78","50.89M","4.41%"
"03/21/2022","31.78","31.84","32.20","31.23","79.51M","-4.19%"
"03/18/2022","33.17","31.64","33.49","31.52","91.83M","4.94%"
"03/17/2022","31.61","31.73","31.74","30.85","80.36M","-3.69%"
"03/16/2022","32.82","30.24","32.97","29.86","165.33M","21.24%"
"03/15/2022","27.07","26.44","27.47","26.13","116.70M","-0.18%"
"03/14/2022","27.12","27.77","28.16","27.06","88.12M","-6.71%"
"03/11/2022","29.07","30.55","30.63","29.05","54.46M","-4.22%"
"03/10/2022","30.35","30.80","30.81","30.25","59.03M","-4.53%"
"03/09/2022","31.79","31.52","31.84","31.27","40.44M","1.66%"
"03/08/2022","31.27","31.59","31.83","31.00","62.58M","-1.42%"
"03/07/2022","31.72","32.22","32.58","31.72","52.30M","-3.79%"
"03/04/2022","32.97","33.17","33.49","32.84","38.17M","-2.14%"
"03/03/2022","33.69","34.38","34.47","33.64","37.92M","-2.55%"
"03/02/2022","34.57","34.83","34.86","34.22","32.64M","-0.75%"
"03/01/2022","34.83","34.81","35.25","34.63","38.54M","-0.20%"
"02/28/2022","34.90","34.66","35.01","34.60","42.87M","-0.91%"
"02/25/2022","35.22","34.82","35.26","34.51","37.22M","0.49%"
"02/24/2022","35.05","33.90","35.12","33.87","47.22M","-0.74%"
"02/23/2022","35.31","36.02","36.06","35.29","28.96M","-1.18%"
"02/22/2022","35.73","35.90","36.10","35.59","43.30M","-2.67%"
"02/18/2022","36.71","37.18","37.19","36.61","43.08M","-2.86%"
"02/17/2022","37.79","38.02","38.34","37.69","32.79M","-0.81%"
"02/16/2022","38.10","37.82","38.26","37.72","26.39M","0.63%"
"02/15/2022","37.86","37.49","37.88","37.42","32.64M","1.53%"
"02/14/2022","37.29","37.44","37.49","37.08","32.25M","-0.96%"
"02/11/2022","37.65","38.32","38.49","37.55","41.39M","-1.70%"
"02/10/2022","38.30","38.18","38.90","38.12","29.61M","-1.21%"
"02/09/2022","38.77","38.42","38.79","38.26","35.32M","1.71%"
"02/08/2022","38.12","37.45","38.12","37.43","28.35M","0.98%"
"02/07/2022","37.75","37.79","37.95","37.60","26.00M","-0.61%"
"02/04/2022","37.98","37.59","38.10","37.52","34.56M","0.93%"
"02/03/2022","37.63","37.60","37.94","37.43","29.76M","-0.61%"
"02/02/2022","37.86","38.35","38.37","37.56","24.98M","-0.86%"
"02/01/2022","38.19","38.04","38.20","37.66","27.69M","0.66%"
"01/31/2022","37.94","36.92","37.96","36.81","45.33M","4.81%"
"01/28/2022","36.20","36.05","36.20","35.61","32.21M","-0.30%"
"01/27/2022","36.31","36.75","36.77","36.27","37.95M","-1.79%"
"01/26/2022","36.97","37.86","37.88","36.91","39.07M","-1.91%"
"01/25/2022","37.69","37.50","37.95","37.38","37.83M","0.11%"
"01/24/2022","37.65","37.81","37.82","36.90","49.74M","-1.59%"
"01/21/2022","38.26","39.02","39.06","38.20","39.61M","-1.97%"
"01/20/2022","39.03","39.38","39.78","38.92","52.57M","3.09%"
"01/19/2022","37.86","37.88","38.08","37.72","31.72M","0.42%"
"01/18/2022","37.70","37.34","37.87","37.23","42.14M","-1.10%"
"01/14/2022","38.12","38.00","38.20","37.81","33.32M","1.01%"
"01/13/2022","37.74","38.34","38.35","37.70","36.25M","-2.38%"
"01/12/2022","38.66","38.55","38.82","38.29","44.42M","2.22%"
"01/11/2022","37.82","36.93","37.84","36.76","44.66M","3.19%"
"01/10/2022","36.65","36.75","36.93","36.37","35.18M","0.05%"
"01/07/2022","36.63","36.42","36.82","36.31","37.72M","2.15%"
"01/06/2022","35.86","35.59","36.07","35.42","40.37M","1.76%"
"01/05/2022","35.24","35.45","35.99","35.23","39.64M","-1.81%"
"01/04/2022","35.89","36.29","36.29","35.75","35.15M","-1.81%"
"01/03/2022","36.55","36.46","36.60","36.03","24.49M","-0.08%"
"12/31/2021","36.58","36.73","37.08","36.56","23.10M","-1.11%"
"12/30/2021","36.99","35.80","37.18","35.79","48.07M","3.64%"
"12/29/2021","35.69","35.86","35.91","35.42","23.27M","-1.16%"
"12/28/2021","36.11","36.38","36.38","36.06","21.86M","-1.15%"
"12/27/2021","36.53","36.44","36.87","36.44","22.31M","-0.27%"
"12/23/2021","36.63","36.32","36.68","36.17","14.96M","0.25%"
"12/22/2021","36.54","36.25","36.57","36.09","20.01M","-0.22%"
"12/21/2021","36.62","35.90","36.66","35.90","30.00M","2.95%"
"12/20/2021","35.57","35.76","35.80","35.38","35.02M","-2.12%"
"12/17/2021","36.34","36.23","36.57","36.03","33.17M","-1.20%"
"12/16/2021","36.78","37.16","37.42","36.72","37.30M","0.52%"
"12/15/2021","36.59","36.90","36.90","36.11","60.30M","-2.89%"
"12/14/2021","37.68","37.23","37.72","37.20","30.27M","-0.24%"
"12/13/2021","37.77","38.19","38.19","37.59","29.85M","-2.80%"
"12/10/2021","38.86","38.83","39.02","38.69","20.49M","-0.03%"
"12/09/2021","38.87","38.79","39.17","38.73","25.10M","0.03%"
"12/08/2021","38.86","38.61","39.05","38.47","30.99M","0.44%"
"12/07/2021","38.69","38.80","38.88","38.58","33.57M","1.34%"
"12/06/2021","38.18","37.33","38.20","37.19","40.76M","1.89%"
"12/03/2021","37.47","38.29","38.33","37.12","50.43M","-2.32%"
"12/02/2021","38.36","38.58","38.88","38.05","49.08M","0.68%"
"12/01/2021","38.10","38.61","38.98","38.10","36.37M","-0.24%"
"11/30/2021","38.19","38.29","38.55","37.83","39.21M","-0.55%"
"11/29/2021","38.40","38.84","38.85","38.28","25.20M","-0.95%"
"11/26/2021","38.77","38.94","39.02","38.50","33.94M","-2.81%"
"11/24/2021","39.89","39.61","39.93","39.45","19.58M","0.28%"
"11/23/2021","39.78","39.96","40.18","39.65","22.08M","-0.53%"
"11/22/2021","39.99","40.36","40.45","39.79","23.95M","-1.28%"
"11/19/2021","40.51","40.50","40.80","40.44","18.67M","0.60%"
"11/18/2021","40.27","40.51","40.56","40.06","35.99M","-2.16%"
"11/17/2021","41.16","41.77","41.77","41.08","23.24M","-1.13%"
"11/16/2021","41.63","41.68","41.80","41.38","27.90M","1.26%"
"11/15/2021","41.11","41.46","41.47","41.11","24.69M","-0.75%"
"11/12/2021","41.42","41.12","41.47","41.04","26.61M","0.05%"
"11/11/2021","41.40","40.83","41.41","40.74","56.72M","3.97%"
"11/10/2021","39.82","39.83","40.16","39.58","29.86M","0.91%"
"11/09/2021","39.46","39.58","39.84","39.35","29.75M","-0.80%"
"11/08/2021","39.78","39.68","39.82","39.52","26.56M","1.12%"
"11/05/2021","39.34","39.93","39.97","39.26","27.00M","-1.75%"
"11/04/2021","40.04","40.52","40.54","39.98","21.50M","-0.60%"
"11/03/2021","40.28","40.08","40.33","39.88","24.16M","0.85%"
"11/02/2021","39.94","40.27","40.28","39.89","33.32M","-2.73%"
"11/01/2021","41.06","40.24","41.08","40.22","26.07M","1.81%"
"10/29/2021","40.33","40.65","40.73","40.17","28.99M","-1.87%"
"10/28/2021","41.10","40.88","41.13","40.63","23.25M","0.22%"
"10/27/2021","41.01","41.01","41.43","40.98","26.35M","-1.13%"
"10/26/2021","41.48","42.12","42.12","41.40","30.39M","-2.01%"
"10/25/2021","42.33","42.35","42.39","42.07","15.18M","0.31%"
"10/22/2021","42.20","42.39","42.70","42.05","16.14M","0.12%"
"10/21/2021","42.15","42.03","42.25","41.94","16.64M","-0.09%"
"10/20/2021","42.19","42.42","42.45","41.98","20.72M","0.19%"
"10/19/2021","42.11","41.55","42.14","41.47","34.02M","2.86%"
"10/18/2021","40.94","40.70","41.09","40.66","17.81M","0.59%"
"10/15/2021","40.70","40.49","40.88","40.36","25.68M","0.97%"
"10/14/2021","40.31","40.41","40.55","40.01","26.95M","-0.47%"
"10/13/2021","40.50","40.13","40.56","40.13","26.71M","2.02%"
"10/12/2021","39.70","40.02","40.18","39.66","22.37M","-0.55%"
"10/11/2021","39.92","40.56","40.62","39.90","24.03M","-0.08%"
"10/08/2021","39.95","39.69","40.05","39.58","22.00M","0.96%"
"10/07/2021","39.57","39.00","39.71","38.95","41.06M","4.08%"
"10/06/2021","38.02","37.56","38.07","37.48","19.99M","-0.45%"
"10/05/2021","38.19","37.90","38.34","37.88","24.32M","1.41%"
"10/04/2021","37.66","38.05","38.05","37.45","29.37M","-2.49%"
"10/01/2021","38.62","38.84","39.02","38.28","27.43M","-0.80%"
"09/30/2021","38.93","38.87","39.20","38.87","23.07M","0.96%"
"09/29/2021","38.56","38.97","39.11","38.54","15.95M","-0.72%"
"09/28/2021","38.84","39.03","39.16","38.64","22.06M","0.13%"
"09/27/2021","38.79","38.43","38.86","38.19","21.78M","1.44%"
"09/24/2021","38.24","38.47","38.52","38.21","25.01M","-2.10%"
"09/23/2021","39.06","39.00","39.11","38.85","28.14M","-0.84%"
"09/22/2021","39.39","39.09","39.77","39.09","42.66M","1.91%"
"09/21/2021","38.65","38.56","38.73","38.42","30.51M","1.23%"
"09/20/2021","38.18","38.59","38.76","37.86","52.66M","-4.36%"
"09/17/2021","39.92","39.99","40.08","39.73","23.90M","0.63%"
"09/16/2021","39.67","39.54","39.77","39.35","25.56M","-1.47%"
"09/15/2021","40.26","40.06","40.30","39.84","25.41M","-0.69%"
"09/14/2021","40.54","40.85","40.88","40.50","28.70M","-2.27%"
"09/13/2021","41.48","41.48","41.64","41.20","18.02M","-0.22%"
"09/10/2021","41.57","42.08","42.15","41.54","18.90M","-0.07%"
"09/09/2021","41.60","41.34","41.70","41.22","23.93M","-0.93%"
"09/08/2021","41.99","42.39","42.41","41.88","21.43M","-1.08%"
"09/07/2021","42.45","42.14","42.55","42.11","29.20M","2.36%"
"09/03/2021","41.47","41.33","41.55","41.27","10.36M","0.17%"
"09/02/2021","41.40","41.75","41.75","41.36","16.80M","-1.08%"
"09/01/2021","41.85","41.46","41.96","41.45","29.11M","2.22%"
"08/31/2021","40.94","40.81","41.02","40.73","30.04M","1.84%"
"08/30/2021","40.20","39.98","40.29","39.72","15.60M","0.15%"
"08/27/2021","40.14","40.11","40.25","39.94","16.71M","0.80%"
"08/26/2021","39.82","40.01","40.14","39.81","29.06M","-1.58%"
"08/25/2021","40.46","40.50","40.54","40.27","20.18M","-0.83%"
"08/24/2021","40.80","40.26","40.83","40.26","37.31M","3.50%"
"08/23/2021","39.42","39.04","39.44","38.91","30.17M","1.94%"
"08/20/2021","38.67","38.46","38.99","38.44","33.10M","-0.95%"
"08/19/2021","39.04","39.03","39.28","38.93","32.99M","-2.01%"
"08/18/2021","39.84","40.00","40.19","39.80","29.69M","0.81%"
"08/17/2021","39.52","39.52","39.91","39.45","38.47M","-2.80%"
"08/16/2021","40.66","40.73","40.74","40.42","20.82M","-1.67%"
"08/13/2021","41.35","41.33","41.39","41.10","13.86M","0.05%"
"08/12/2021","41.33","41.50","41.51","41.24","19.50M","-1.52%"
"08/11/2021","41.97","42.19","42.19","41.72","16.98M","0.84%"
"08/10/2021","41.62","41.84","41.86","41.50","19.50M","1.09%"
"08/09/2021","41.17","40.91","41.25","40.87","21.93M","1.86%"
"08/08/2021","40.42","40.42","40.42","40.42","","0.00%"
"08/07/2021","40.42","40.42","40.42","40.42","","0.00%"
"08/06/2021","40.42","40.80","40.86","40.31","17.65M","-1.17%"
"08/05/2021","40.90","40.91","41.06","40.78","14.74M","-1.11%"
"08/04/2021","41.36","41.21","41.55","41.18","25.10M","1.35%"
"08/03/2021","40.81","40.76","40.82","40.55","17.39M","-0.75%"
"08/02/2021","41.12","40.99","41.29","40.91","18.27M","1.43%"
"07/30/2021","40.54","40.25","40.72","40.22","23.61M","-0.98%"
"07/29/2021","40.94","41.34","41.34","40.71","31.99M","-1.40%"
"07/28/2021","41.52","40.33","41.62","40.31","67.90M","6.03%"
"07/27/2021","39.16","38.71","39.26","38.24","71.72M","-3.28%"
"07/26/2021","40.49","41.00","41.20","40.41","54.68M","-5.35%"
"07/23/2021","42.78","43.05","43.07","42.57","23.71M","-2.55%"
"07/22/2021","43.90","43.90","43.98","43.74","10.30M","0.41%"
"07/21/2021","43.72","43.27","43.76","43.21","11.91M","0.30%"
"07/20/2021","43.59","43.35","43.72","43.22","15.98M","-0.50%"
"07/19/2021","43.81","43.83","43.87","43.52","19.44M","-1.33%"
"07/16/2021","44.40","44.86","44.89","44.37","13.86M","-0.76%"
"07/15/2021","44.74","44.68","44.87","44.55","13.92M","0.97%"
"07/14/2021","44.31","44.67","44.69","44.31","13.43M","-0.43%"
"07/13/2021","44.50","44.31","44.73","44.30","17.99M","1.14%"
"07/12/2021","44.00","43.95","44.06","43.84","11.54M","-0.34%"
"07/09/2021","44.15","43.77","44.25","43.62","20.89M","2.87%"
"07/08/2021","42.92","42.86","43.08","42.72","35.01M","-3.12%"
"07/07/2021","44.30","44.62","44.68","44.16","17.88M","0.18%"
"07/06/2021","44.22","44.55","44.60","44.15","27.17M","-2.79%"
"07/05/2021","45.49","45.49","45.49","45.49","","0.00%"
"07/04/2021","45.49","45.49","45.49","45.49","","0.00%"
"07/03/2021","45.49","45.49","45.49","45.49","","0.00%"
"07/02/2021","45.49","45.42","45.56","45.34","16.28M","-1.30%"
"07/01/2021","46.09","46.38","46.45","45.81","17.65M","-0.52%"
"06/30/2021","46.33","46.26","46.44","46.20","14.00M","-1.15%"
"06/29/2021","46.87","46.61","46.90","46.48","16.19M","-0.74%"
"06/28/2021","47.22","47.13","47.31","47.09","9.70M","0.23%"
"06/25/2021","47.11","46.95","47.12","46.80","21.36M","1.90%"
"06/24/2021","46.23","46.00","46.23","45.97","11.52M","1.05%"
"06/23/2021","45.75","45.75","46.03","45.72","13.06M","1.26%"
"06/22/2021","45.18","45.06","45.26","45.04","12.45M","-0.81%"
"06/21/2021","45.55","45.38","45.56","45.15","12.18M","-0.02%"
"06/18/2021","45.56","45.65","45.75","45.46","16.94M","0.11%"
"06/17/2021","45.51","45.22","45.57","45.14","21.11M","1.40%"
"06/16/2021","44.88","45.26","45.36","44.72","24.69M","-1.54%"
"06/15/2021","45.58","45.80","45.84","45.52","17.23M","-1.36%"
"06/14/2021","46.21","46.08","46.29","45.96","14.80M","0.30%"
"06/11/2021","46.07","46.17","46.22","45.95","10.26M","-0.24%"
"06/10/2021","46.18","46.04","46.23","45.93","13.07M","0.22%"
"06/09/2021","46.08","46.12","46.31","46.00","12.67M","0.00%"
"06/08/2021","46.08","46.20","46.29","45.95","11.24M","-0.48%"
"06/07/2021","46.30","46.34","46.35","46.06","11.94M","-1.07%"
"06/04/2021","46.80","46.71","46.82","46.66","9.95M","1.04%"
"06/03/2021","46.32","46.54","46.59","46.28","20.71M","-1.99%"
"06/02/2021","47.26","47.36","47.36","47.12","13.86M","-0.40%"
"06/01/2021","47.45","47.57","47.59","47.23","24.19M","2.62%"
"05/28/2021","46.24","46.08","46.34","46.08","13.71M","-0.34%"
"05/27/2021","46.40","46.31","46.44","46.08","14.88M","-0.06%"
"05/26/2021","46.43","46.43","46.48","46.34","13.14M","0.61%"
"05/25/2021","46.15","46.10","46.24","45.98","20.92M","2.37%"
"05/24/2021","45.08","45.14","45.23","44.97","12.10M","-0.13%"
"05/21/2021","45.14","45.63","45.63","45.10","15.64M","-0.97%"
"05/20/2021","45.58","45.31","45.68","45.29","19.09M","1.00%"
"05/19/2021","45.13","44.50","45.22","44.43","20.45M","0.29%"
"05/18/2021","45.00","44.95","45.24","44.85","18.90M","0.81%"
"05/17/2021","44.64","44.42","44.64","44.32","16.47M","0.97%"
"05/14/2021","44.21","43.90","44.32","43.75","19.72M","1.52%"
"05/13/2021","43.55","44.15","44.29","43.41","24.90M","-1.43%"
"05/12/2021","44.18","44.63","44.70","44.10","17.07M","-1.23%"
"05/11/2021","44.73","43.98","44.82","43.92","17.49M","-0.02%"
"05/10/2021","44.74","45.40","45.43","44.70","28.30M","-2.84%"
"05/07/2021","46.05","45.98","46.27","45.94","17.93M","0.26%"
"05/06/2021","45.93","45.78","45.98","45.63","13.46M","0.28%"
"05/05/2021","45.80","45.86","46.00","45.70","10.55M","0.50%"
"05/04/2021","45.57","45.89","46.01","45.35","20.67M","-1.00%"
"05/03/2021","46.03","46.06","46.32","45.91","10.63M","-0.54%"
"04/30/2021","46.28","46.38","46.50","46.13","27.07M","-2.03%"
"04/29/2021","47.24","47.46","47.47","46.84","19.17M","-0.08%"
"04/28/2021","47.28","47.19","47.54","47.09","11.30M","0.47%"
"04/27/2021","47.06","46.90","47.14","46.90","14.40M","0.41%"
"04/26/2021","46.87","46.71","46.90","46.61","19.24M","-1.51%"
"04/23/2021","47.59","47.42","47.70","47.35","14.12M","1.32%"
"04/22/2021","46.97","46.83","47.12","46.71","23.51M","0.30%"
"04/21/2021","46.83","46.36","46.84","46.19","16.47M","0.13%"
"04/20/2021","46.77","46.98","47.17","46.61","11.09M","-0.28%"
"04/19/2021","46.90","46.85","46.98","46.67","13.21M","-0.02%"
"04/16/2021","46.91","47.07","47.07","46.81","16.29M","0.56%"
"04/15/2021","46.65","46.64","46.86","46.56","16.24M","0.13%"
"04/14/2021","46.59","46.93","47.02","46.53","17.81M","0.32%"
"04/13/2021","46.44","46.28","46.61","46.21","19.14M","-0.06%"
"04/12/2021","46.47","46.36","46.56","46.16","16.84M","-0.13%"
"04/09/2021","46.53","46.51","46.56","46.35","24.02M","-1.23%"
"04/08/2021","47.11","47.28","47.39","47.10","20.17M","1.31%"
"04/07/2021","46.50","46.39","46.57","46.17","27.40M","-2.27%"
"04/06/2021","47.58","47.43","47.97","47.21","20.38M","0.19%"
"04/05/2021","47.49","47.82","47.82","47.38","10.61M","0.08%"
"04/01/2021","47.45","47.70","47.79","47.33","19.98M","1.69%"
"03/31/2021","46.66","46.25","46.81","46.25","18.46M","0.11%"
"03/30/2021","46.61","46.33","46.70","46.14","15.55M","0.41%"
"03/29/2021","46.42","46.21","46.55","46.15","20.91M","-0.54%"
"03/26/2021","46.67","45.88","46.74","45.69","39.38M","2.93%"
"03/25/2021","45.34","45.13","45.55","45.09","20.55M","0.51%"
"03/24/2021","45.11","46.02","46.03","45.09","37.13M","-3.69%"
"03/23/2021","46.84","47.01","47.23","46.80","18.53M","-2.25%"
"03/22/2021","47.92","47.92","48.09","47.69","14.12M","-0.15%"
"03/19/2021","47.99","47.48","48.02","47.44","14.44M","0.02%"
"03/18/2021","47.98","48.29","48.47","47.98","19.68M","-0.89%"
"03/17/2021","48.41","47.92","48.63","47.78","18.43M","-0.06%"
"03/16/2021","48.44","48.26","48.65","48.20","19.45M","0.90%"
"03/15/2021","48.01","47.67","48.08","47.52","11.33M","-0.19%"
"03/12/2021","48.10","47.96","48.17","47.66","26.29M","-2.81%"
"03/11/2021","49.49","49.12","49.52","48.77","28.00M","3.60%"
"03/10/2021","47.77","48.38","48.47","47.63","15.50M","-0.79%"
"03/09/2021","48.15","47.77","48.51","47.70","22.52M","2.16%"
"03/08/2021","47.13","47.64","47.74","47.10","24.03M","-3.52%"
"03/05/2021","48.85","49.05","49.19","47.95","21.49M","1.03%"
"03/04/2021","48.35","49.14","49.29","48.15","27.29M","-2.87%"
"03/03/2021","49.78","50.37","50.50","49.69","18.77M","0.77%"
"03/02/2021","49.40","49.80","49.86","49.37","14.81M","-1.93%"
"03/01/2021","50.37","49.90","50.44","49.75","14.93M","2.65%"
"02/26/2021","49.07","49.16","49.44","48.67","22.29M","-1.70%"
"02/25/2021","49.92","50.83","51.04","49.88","18.49M","-1.52%"
"02/24/2021","50.69","50.32","50.77","49.87","25.51M","-2.16%"
"02/23/2021","51.81","51.28","52.14","50.67","17.89M","0.33%"
"02/22/2021","51.64","52.07","52.19","51.63","21.02M","-3.67%"
"02/19/2021","53.61","53.73","53.88","53.49","8.68M","0.58%"
"02/18/2021","53.30","53.06","53.30","52.62","17.58M","-2.15%"
"02/17/2021","54.47","54.32","54.52","54.07","13.96M","1.60%"
"02/16/2021","53.61","53.88","53.97","53.56","9.69M","0.06%"
"02/12/2021","53.58","53.40","53.76","53.23","10.00M","-0.09%"
"02/11/2021","53.63","53.43","53.80","53.35","21.15M","1.75%"
"02/10/2021","52.71","53.08","53.18","52.37","12.62M","0.98%"
"02/09/2021","52.20","51.75","52.30","51.73","11.86M","1.32%"
"02/08/2021","51.52","51.50","51.64","51.34","7.22M","-0.33%"
"02/05/2021","51.69","51.55","51.73","51.34","11.04M","0.76%"
"02/04/2021","51.30","51.24","51.37","50.97","15.57M","-0.48%"
"02/03/2021","51.55","51.71","51.78","51.41","10.87M","0.23%"
"02/02/2021","51.43","51.41","51.51","51.12","14.47M","1.42%"
"02/01/2021","50.71","50.35","50.74","50.24","18.43M","2.74%"
"01/29/2021","49.36","49.69","49.83","49.15","20.26M","-2.32%"
"01/28/2021","50.53","49.90","50.59","49.82","17.21M","0.20%"
"01/27/2021","50.43","50.83","51.06","50.40","21.41M","-3.67%"
"01/26/2021","52.35","52.26","52.38","52.06","13.24M","-1.04%"
"01/25/2021","52.90","53.02","53.14","52.41","18.92M","2.30%"
"01/22/2021","51.71","51.34","51.92","51.31","14.33M","-0.50%"
"01/21/2021","51.97","52.01","52.06","51.76","11.49M","-0.57%"
"01/20/2021","52.27","51.99","52.32","51.80","18.73M","3.08%"
"01/19/2021","50.71","50.72","50.83","50.52","25.10M","4.30%"
"01/15/2021","48.62","48.83","48.91","48.54","12.00M","-0.06%"
"01/14/2021","48.65","49.17","49.22","48.63","12.32M","0.45%"
"01/13/2021","48.43","48.18","48.67","48.12","12.45M","0.29%"
"01/12/2021","48.29","48.24","48.43","48.15","14.36M","1.30%"
"01/11/2021","47.67","47.84","47.97","47.67","9.60M","-1.35%"
"01/08/2021","48.32","47.68","48.38","47.45","25.33M","2.07%"
"01/07/2021","47.34","47.14","47.37","46.85","18.57M","0.70%"
"01/06/2021","47.01","47.48","47.64","46.73","21.92M","-1.16%"
"01/05/2021","47.56","46.76","47.57","46.73","30.14M","2.72%"
"01/04/2021","46.30","46.73","46.88","46.17","18.62M","-0.28%"
"12/31/2020","46.43","46.82","46.82","46.05","13.16M","0.39%"
"12/30/2020","46.25","46.39","46.46","46.21","13.81M","1.65%"
"12/29/2020","45.50","45.36","45.67","45.30","16.66M","1.29%"
"12/28/2020","44.92","44.90","45.00","44.71","10.74M","0.16%"
"12/24/2020","44.85","45.18","45.23","44.65","12.80M","-1.67%"
"12/23/2020","45.61","45.73","45.73","45.55","7.82M","0.84%"
"12/22/2020","45.23","45.41","45.41","45.17","10.52M","-0.33%"
"12/21/2020","45.38","45.24","45.59","45.15","16.40M","-0.81%"
"12/18/2020","45.75","45.74","45.80","45.57","12.23M","-0.17%"
"12/17/2020","45.83","46.00","46.00","45.74","10.50M","0.64%"
"12/16/2020","45.54","45.65","45.75","45.50","10.82M","0.11%"
"12/15/2020","45.49","45.50","45.52","45.28","10.79M","0.15%"
"12/14/2020","45.42","45.67","45.68","45.39","11.24M","-1.58%"
"12/11/2020","46.15","46.32","46.34","46.12","13.57M","-0.90%"
"12/10/2020","46.57","46.07","46.70","46.05","12.96M","1.24%"
"12/09/2020","46.00","46.48","46.49","45.85","16.17M","-1.25%"
"12/08/2020","46.58","46.48","46.61","46.34","10.09M","-0.32%"
"12/07/2020","46.73","46.60","46.79","46.55","10.09M","-0.97%"
"12/04/2020","47.19","47.22","47.32","47.06","9.73M","0.13%"
"12/03/2020","47.13","47.09","47.31","47.01","9.78M","-0.04%"
"12/02/2020","47.15","47.11","47.28","46.98","9.37M","-0.70%"
"12/01/2020","47.48","47.61","47.70","47.37","14.41M","1.02%"
"11/30/2020","47.00","47.65","47.66","46.97","16.72M","-3.33%"
"11/27/2020","48.62","48.27","48.71","48.27","12.16M","2.94%"
"11/25/2020","47.23","47.13","47.30","47.00","8.51M","-0.59%"
"11/24/2020","47.51","47.33","47.53","47.09","13.03M","0.55%"
"11/23/2020","47.25","47.68","47.68","46.84","10.20M","-0.40%"
"11/20/2020","47.44","47.19","47.53","47.15","16.90M","0.68%"
"11/19/2020","47.12","46.97","47.19","46.91","10.08M","-0.06%"
"11/18/2020","47.15","47.43","47.44","47.15","7.89M","-0.44%"
"11/17/2020","47.36","47.21","47.53","47.09","10.88M","-0.67%"
"11/16/2020","47.68","47.64","47.84","47.44","9.05M","0.44%"
"11/13/2020","47.47","47.37","47.57","47.17","14.79M","0.79%"
"11/12/2020","47.10","47.42","47.70","46.93","18.04M","-1.05%"
"11/11/2020","47.60","46.89","47.72","46.88","19.92M","1.02%"
"11/10/2020","47.12","47.53","47.69","47.01","21.44M","-2.30%"
"11/09/2020","48.23","49.36","49.44","48.15","25.85M","1.05%"
"11/06/2020","47.73","47.51","47.96","47.38","16.74M","0.06%"
"11/05/2020","47.70","47.96","47.99","47.32","25.80M","1.58%"
"11/04/2020","46.96","46.22","47.05","46.05","37.70M","4.17%"
"11/03/2020","45.08","45.03","45.33","44.85","20.15M","0.22%"
"11/02/2020","44.98","44.89","45.00","44.66","13.73M","2.00%"
"10/30/2020","44.10","44.23","44.25","43.89","15.54M","-1.01%"
"10/29/2020","44.55","44.50","44.72","44.34","12.84M","1.50%"
"10/28/2020","43.89","44.23","44.27","43.81","15.87M","-2.01%"
"10/27/2020","44.79","44.53","44.83","44.40","13.68M","0.20%"
"10/26/2020","44.70","44.62","45.00","44.33","19.93M","-0.95%"
"10/23/2020","45.13","44.95","45.15","44.77","11.24M","0.24%"
"10/22/2020","45.02","45.09","45.12","44.83","11.33M","0.76%"
"10/21/2020","44.68","44.76","44.96","44.62","16.03M","0.90%"
"10/20/2020","44.28","44.18","44.45","44.13","13.32M","0.43%"
"10/19/2020","44.09","44.22","44.37","43.98","13.72M","-0.05%"
"10/16/2020","44.11","44.16","44.19","43.97","21.46M","1.52%"
"10/15/2020","43.45","43.28","43.52","43.21","14.44M","-0.75%"
"10/14/2020","43.78","44.21","44.21","43.76","12.55M","-1.26%"
"10/13/2020","44.34","44.31","44.43","44.16","16.63M","-0.14%"
"10/12/2020","44.40","44.26","44.44","44.14","19.03M","2.68%"
"10/09/2020","43.24","42.97","43.34","42.97","12.99M","0.26%"
"10/08/2020","43.13","42.93","43.19","42.89","11.78M","0.49%"
"10/07/2020","42.92","42.89","43.02","42.70","19.88M","1.06%"
"10/06/2020","42.47","42.50","42.72","42.35","24.76M","0.66%"
"10/05/2020","42.19","41.92","42.21","41.88","16.32M","0.38%"
"10/04/2020","42.03","42.03","42.03","42.03","","0.00%"
"10/03/2020","42.03","42.03","42.03","42.03","","0.00%"
"10/02/2020","42.03","41.88","42.49","41.85","20.35M","-1.13%"
"10/01/2020","42.51","42.38","42.58","42.19","19.91M","1.21%"
"09/30/2020","42.00","41.65","42.06","41.61","20.42M","2.02%"
"09/29/2020","41.17","41.01","41.27","40.98","10.40M","-0.39%"
"09/28/2020","41.33","41.32","41.35","41.15","16.44M","1.55%"
"09/27/2020","40.70","40.70","40.70","40.70","","0.00%"
"09/26/2020","40.70","40.70","40.70","40.70","","0.00%"
"09/25/2020","40.70","40.45","40.76","40.23","23.40M","-1.00%"
"09/24/2020","41.11","40.96","41.31","40.90","20.13M","-1.25%"
"09/23/2020","41.63","42.00","42.03","41.61","18.06M","-1.09%"
"09/22/2020","42.09","42.28","42.28","41.85","14.69M","-0.78%"
"09/21/2020","42.42","42.08","42.45","41.82","19.80M","-0.93%"
"09/18/2020","42.82","43.03","43.03","42.77","18.30M","0.21%"
"09/17/2020","42.73","42.60","42.89","42.55","16.55M","-0.84%"
"09/16/2020","43.09","43.24","43.36","43.09","17.58M","-0.30%"
"09/15/2020","43.22","43.30","43.36","43.11","9.94M","0.89%"
"09/14/2020","42.84","42.88","42.92","42.74","11.42M","0.68%"
"09/13/2020","42.55","42.55","42.55","42.55","","0.00%"
"09/11/2020","42.55","42.74","42.83","42.39","18.70M","0.97%"
"09/10/2020","42.14","42.72","42.77","42.10","25.75M","-1.98%"
"09/09/2020","42.99","42.73","43.07","42.63","15.49M","0.68%"
"09/08/2020","42.70","42.49","42.92","42.46","24.69M","-2.06%"
"09/04/2020","43.60","43.58","43.78","42.88","30.02M","0.37%"
"09/03/2020","43.44","43.80","43.84","43.10","35.56M","-2.05%"
"09/02/2020","44.35","44.51","44.55","43.96","16.44M","-0.40%"
"09/01/2020","44.53","44.14","44.53","44.09","17.16M","1.30%"
"08/31/2020","43.96","44.05","44.12","43.65","18.27M","-2.29%"
"08/30/2020","44.99","44.99","44.99","44.99","","0.00%"
"08/28/2020","44.99","44.74","45.01","44.65","10.93M","0.81%"
"08/27/2020","44.63","44.85","44.85","44.38","17.84M","-0.20%"
"08/26/2020","44.72","44.60","44.81","44.59","13.41M","-0.18%"
"08/25/2020","44.80","44.39","44.83","44.31","24.04M","0.40%"
"08/24/2020","44.62","44.77","44.83","44.49","15.72M","1.09%"
"08/23/2020","44.14","44.14","44.14","44.14","","0.00%"
"08/21/2020","44.14","43.77","44.21","43.71","17.51M","0.89%"
"08/20/2020","43.75","43.24","43.76","43.13","17.73M","0.46%"
"08/19/2020","43.55","43.87","43.87","43.51","23.97M","-1.05%"
"08/18/2020","44.01","44.10","44.16","43.80","23.65M","0.39%"
"08/17/2020","43.84","43.56","43.88","43.53","21.38M","1.86%"
"08/14/2020","43.04","42.95","43.06","42.91","13.33M","0.54%"
"08/13/2020","42.81","42.83","42.83","42.58","16.51M","-0.19%"
"08/12/2020","42.89","42.77","43.00","42.71","25.27M","1.47%"
"08/11/2020","42.27","42.60","42.69","42.23","21.03M","-0.09%"
"08/10/2020","42.31","42.21","42.34","41.99","14.89M","0.71%"
"08/09/2020","42.01","42.01","42.01","42.01","","0.00%"
"08/08/2020","42.01","42.01","42.01","42.01","","0.00%"
"08/07/2020","42.01","42.08","42.21","41.75","29.97M","-1.96%"
"08/06/2020","42.85","42.74","42.91","42.57","17.58M","0.07%"
"08/05/2020","42.82","42.91","43.13","42.77","11.89M","0.00%"
"08/04/2020","42.82","42.63","42.84","42.56","24.91M","2.27%"
"08/03/2020","41.87","41.86","42.03","41.78","18.65M","1.21%"
"08/02/2020","41.37","41.37","41.37","41.37","","0.00%"
"07/31/2020","41.37","41.61","41.65","41.09","21.67M","-0.98%"
"07/30/2020","41.78","41.70","41.85","41.38","14.50M","-1.04%"
"07/29/2020","42.22","42.12","42.31","41.99","14.44M","1.51%"
"07/28/2020","41.59","41.87","41.94","41.57","12.11M","-0.88%"
"07/27/2020","41.96","41.81","42.06","41.66","17.33M","-0.21%"
"07/26/2020","42.05","42.05","42.05","42.05","","0.00%"
"07/25/2020","42.05","42.05","42.05","42.05","","0.00%"
"07/24/2020","42.05","41.80","42.09","41.71","20.13M","-0.83%"
"07/23/2020","42.40","42.70","42.84","42.35","21.65M","-0.75%"
"07/22/2020","42.72","42.94","43.01","42.51","24.49M","-1.41%"
"07/21/2020","43.33","43.72","43.74","43.29","20.68M","0.51%"
"07/20/2020","43.11","42.95","43.23","42.81","17.64M","1.29%"
"07/17/2020","42.56","42.61","42.71","42.41","14.75M","0.19%"
"07/16/2020","42.48","42.17","42.55","42.14","22.56M","-2.28%"
"07/15/2020","43.47","43.68","43.73","43.40","22.36M","-0.53%"
"07/14/2020","43.70","43.27","43.88","43.23","25.20M","-0.77%"
"07/13/2020","44.04","44.50","44.85","43.98","22.28M","-1.14%"
"07/12/2020","44.55","44.55","44.55","44.55","","0.00%"
"07/11/2020","44.55","44.55","44.55","44.55","","0.00%"
"07/10/2020","44.55","44.66","44.73","44.35","18.27M","-1.48%"
"07/09/2020","45.22","45.80","45.93","44.97","33.86M","-0.68%"
"07/08/2020","45.53","44.94","45.55","44.85","30.43M","3.22%"
"07/07/2020","44.11","44.18","44.59","44.10","24.84M","-2.84%"
"07/06/2020","45.40","44.53","45.43","44.51","67.37M","9.50%"
"07/05/2020","41.46","41.46","41.46","41.46","","0.00%"
"07/04/2020","41.46","41.46","41.46","41.46","","0.00%"
"07/02/2020","41.46","41.37","41.65","41.27","28.38M","3.24%"
"07/01/2020","40.16","39.98","40.46","39.96","22.46M","1.16%"
"06/30/2020","39.70","39.85","39.92","39.48","17.86M","-0.87%"
"06/29/2020","40.05","39.95","40.11","39.80","12.83M","-0.35%"
"06/26/2020","40.19","40.38","40.41","40.02","13.59M","-0.94%"
"06/25/2020","40.57","40.26","40.66","40.24","13.56M","0.25%"
"06/24/2020","40.47","40.69","40.80","40.18","17.67M","-1.03%"
"06/23/2020","40.89","41.03","41.15","40.86","12.50M","0.66%"
"06/22/2020","40.62","40.18","40.62","40.14","13.54M","0.74%"
"06/19/2020","40.32","40.85","40.85","40.11","25.65M","0.15%"
"06/18/2020","40.26","40.11","40.32","40.06","11.70M","0.35%"
"06/17/2020","40.12","40.08","40.30","40.01","11.59M","0.40%"
"06/16/2020","39.96","40.61","40.66","39.79","26.46M","0.78%"
"06/15/2020","39.65","39.14","39.85","39.10","25.94M","-1.71%"
"06/12/2020","40.34","40.46","40.49","39.84","24.90M","1.26%"
"06/11/2020","39.84","40.41","40.64","39.83","32.09M","-4.14%"
"06/10/2020","41.56","41.35","41.65","41.03","16.10M","1.19%"
"06/09/2020","41.07","40.87","41.20","40.73","17.03M","-0.48%"
"06/08/2020","41.27","40.98","41.29","40.86","16.91M","-0.51%"
"06/07/2020","41.48","41.48","41.48","41.48","","0.00%"
"06/05/2020","41.48","41.45","41.64","41.31","19.37M","2.24%"
"06/04/2020","40.57","40.62","40.85","40.44","18.99M","-1.46%"
"06/03/2020","41.17","40.87","41.24","40.82","23.53M","1.70%"
"06/02/2020","40.48","40.08","40.59","40.00","25.65M","1.79%"
"06/01/2020","39.77","39.33","39.80","39.23","22.56M","1.84%"
"05/29/2020","39.05","38.72","39.10","38.31","49.14M","2.09%"
"05/28/2020","38.25","38.49","38.75","38.19","28.22M","0.31%"
"05/27/2020","38.13","38.31","38.33","37.80","28.40M","-0.55%"
"05/26/2020","38.34","38.63","38.75","38.19","40.42M","2.24%"
"05/22/2020","37.50","37.69","37.71","37.34","40.14M","-2.70%"
"05/21/2020","38.54","38.82","38.98","38.45","33.19M","-2.73%"
"05/20/2020","39.62","39.66","39.84","39.38","23.70M","1.46%"
"05/19/2020","39.05","39.29","39.48","39.04","21.57M","-1.04%"
"05/18/2020","39.46","39.00","39.54","38.98","27.72M","3.98%"
"05/15/2020","37.95","37.85","38.06","37.80","25.44M","-1.45%"
"05/14/2020","38.51","38.01","38.59","37.91","33.64M","-0.41%"
"05/13/2020","38.67","39.07","39.12","38.38","42.66M","0.31%"
"05/12/2020","38.55","38.91","39.14","38.55","39.07M","-0.87%"
"05/11/2020","38.89","38.87","39.03","38.78","16.17M","-0.46%"
"05/10/2020","39.07","39.07","39.07","39.07","","0.00%"
"05/09/2020","39.07","39.07","39.07","39.07","","0.00%"
"05/08/2020","39.07","38.81","39.16","38.78","27.80M","2.28%"
"05/07/2020","38.20","38.32","38.39","38.10","16.03M","0.26%"
"05/06/2020","38.10","38.42","38.48","38.06","17.37M","0.26%"
"05/05/2020","38.00","38.00","38.17","37.93","25.32M","1.01%"
"05/04/2020","37.62","37.34","37.63","37.22","28.11M","0.94%"
"05/03/2020","37.27","37.27","37.27","37.27","","0.00%"
"05/02/2020","37.27","37.27","37.27","37.27","","0.00%"
"05/01/2020","37.27","37.83","37.88","37.20","54.50M","-3.42%"
"04/30/2020","38.59","39.51","39.74","38.48","45.49M","-2.62%"
"04/29/2020","39.63","39.60","39.80","39.50","20.31M","1.62%"
"04/28/2020","39.00","39.63","39.64","39.00","23.64M","0.10%"
"04/27/2020","38.96","38.69","38.99","38.63","16.91M","2.02%"
"04/24/2020","38.19","38.15","38.19","37.89","12.78M","1.01%"
"04/23/2020","37.81","38.12","38.48","37.80","19.57M","-0.42%"
"04/22/2020","37.97","37.99","38.02","37.87","16.93M","2.43%"
"04/21/2020","37.07","37.34","37.48","37.06","25.72M","-2.68%"
"04/20/2020","38.09","38.12","38.48","38.03","18.01M","-0.83%"
"04/17/2020","38.41","38.42","38.47","38.09","29.41M","1.72%"
"04/16/2020","37.76","37.82","37.84","37.54","20.82M","0.40%"
"04/15/2020","37.61","37.69","37.83","37.47","25.45M","-2.31%"
"04/14/2020","38.50","38.52","38.65","38.39","35.86M","1.58%"
"04/13/2020","37.90","37.86","37.99","37.51","21.07M","0.08%"
"04/09/2020","37.87","38.26","38.51","37.84","21.93M","-0.66%"
"04/08/2020","38.12","37.90","38.23","37.67","14.73M","0.08%"
"04/07/2020","38.09","39.03","39.10","37.91","28.96M","-0.31%"
"04/06/2020","38.21","37.82","38.29","37.72","23.61M","3.58%"
"04/03/2020","36.89","37.31","37.44","36.77","18.89M","-1.34%"
"04/02/2020","37.39","36.93","37.46","36.81","33.08M","3.83%"
"04/01/2020","36.01","36.89","37.01","35.99","28.41M","-4.08%"
"03/31/2020","37.54","37.51","37.90","37.31","17.08M","0.37%"
"03/30/2020","37.40","36.71","37.42","36.51","22.50M","3.60%"
"03/28/2020","36.10","36.10","36.10","36.10","","0.00%"
"03/27/2020","36.10","36.26","36.69","36.02","39.48M","-5.87%"
"03/26/2020","38.35","37.01","38.40","36.93","34.05M","2.73%"
"03/25/2020","37.33","36.88","37.74","36.57","33.13M","1.52%"
"03/24/2020","36.77","36.38","36.79","36.03","39.46M","6.77%"
"03/23/2020","34.44","34.86","34.93","33.94","37.97M","-0.06%"
"03/21/2020","34.46","34.46","34.46","34.46","","0.00%"
"03/20/2020","34.46","35.55","35.66","34.16","51.23M","1.35%"
"03/19/2020","34.00","33.60","34.56","33.10","38.67M","0.09%"
"03/18/2020","33.97","33.59","34.56","33.22","56.16M","-5.67%"
"03/17/2020","36.01","34.90","36.12","34.41","41.58M","6.19%"
"03/16/2020","33.91","33.88","35.54","33.65","48.27M","-10.29%"
"03/14/2020","37.80","37.80","37.80","37.80","","0.00%"
"03/13/2020","37.80","38.50","38.53","36.30","66.18M","5.59%"
"03/12/2020","35.80","36.15","36.52","35.30","78.65M","-7.73%"
"03/11/2020","38.80","39.09","39.31","38.67","49.44M","-3.41%"
"03/10/2020","40.17","39.98","40.23","39.32","46.74M","3.96%"
"03/09/2020","38.64","38.24","39.08","38.01","57.64M","-4.02%"
"03/06/2020","40.26","40.26","40.42","39.88","46.72M","-2.00%"
"03/05/2020","41.08","41.41","41.54","40.97","40.90M","-0.44%"
"03/04/2020","41.26","41.16","41.30","41.00","30.52M","1.08%"
"03/03/2020","40.82","40.98","41.59","40.58","60.88M","-0.63%"
"03/02/2020","41.08","40.65","41.08","40.47","48.12M","1.03%"
"02/28/2020","40.66","39.74","40.70","39.35","59.68M","0.62%"
"02/27/2020","40.41","40.84","40.98","40.21","49.68M","-0.76%"
"02/26/2020","40.72","40.88","41.12","40.69","45.91M","1.44%"
"02/25/2020","40.14","40.92","40.95","40.10","54.37M","-0.96%"
"02/24/2020","40.53","40.33","40.83","40.28","54.70M","-3.55%"
"02/21/2020","42.02","42.16","42.19","41.94","36.47M","0.00%"
"02/20/2020","42.02","42.30","42.37","41.97","33.18M","-1.06%"
"02/19/2020","42.47","42.54","42.57","42.41","16.64M","0.69%"
"02/18/2020","42.18","42.14","42.29","42.11","18.93M","-0.21%"
"02/17/2020","42.27","42.27","42.27","42.27","","0.00%"
"02/14/2020","42.27","42.47","42.50","42.14","20.95M","-0.09%"
"02/13/2020","42.31","42.33","42.50","42.24","28.96M","-1.31%"
"02/12/2020","42.87","42.65","42.95","42.54","23.67M","1.35%"
"02/11/2020","42.30","42.20","42.46","42.16","30.50M","1.93%"
"02/10/2020","41.50","41.29","41.53","41.29","19.86M","0.58%"
"02/07/2020","41.26","41.50","41.52","41.15","27.02M","-0.89%"
"02/06/2020","41.63","41.96","41.96","41.55","32.57M","0.68%"
"02/05/2020","41.35","41.85","41.87","41.27","29.44M","0.34%"
"02/04/2020","41.21","41.18","41.40","41.11","40.81M","2.69%"
"02/03/2020","40.13","40.01","40.36","40.00","31.44M","0.98%"
"01/31/2020","39.74","39.92","39.95","39.52","49.33M","-2.33%"
"01/30/2020","40.69","40.29","40.80","40.06","52.58M","-1.24%"
"01/29/2020","41.20","41.43","41.51","41.14","34.23M","0.61%"
"01/28/2020","40.95","40.71","41.09","40.49","45.05M","0.69%"
"01/27/2020","40.67","40.05","40.95","39.81","101.48M","-3.97%"
"01/24/2020","42.35","42.82","42.85","42.10","49.82M","-1.31%"
"01/23/2020","42.91","42.52","43.02","42.34","60.68M","-1.29%"
"01/22/2020","43.47","43.74","43.74","43.31","42.87M","1.12%"
"01/21/2020","42.99","43.24","43.36","42.98","61.52M","-4.70%"
"01/17/2020","45.11","45.04","45.11","44.91","18.06M","0.47%"
"01/16/2020","44.90","44.72","44.90","44.67","18.41M","0.74%"
"01/15/2020","44.57","44.61","44.70","44.55","19.12M","-0.56%"
"01/14/2020","44.82","44.73","44.88","44.65","40.10M","-1.02%"
"01/13/2020","45.28","44.80","45.29","44.75","30.78M","1.71%"
"01/10/2020","44.52","44.45","44.62","44.36","21.28M","0.32%"
"01/09/2020","44.38","44.34","44.41","44.23","24.05M","0.91%"
"01/08/2020","43.98","43.70","44.21","43.64","27.64M","-0.07%"
"01/07/2020","44.01","44.02","44.10","43.90","16.15M","-0.25%"
"01/06/2020","44.12","43.92","44.13","43.89","12.69M","0.48%"
"01/03/2020","43.91","43.99","44.25","43.90","20.95M","-2.16%"
"01/02/2020","44.88","44.40","44.88","44.36","25.56M","2.87%"
"12/31/2019","43.63","43.57","43.70","43.40","13.65M","0.32%"
"12/30/2019","43.49","43.91","43.92","43.46","13.12M","-0.50%"
"12/27/2019","43.71","43.75","43.86","43.61","20.22M","0.37%"
"12/26/2019","43.55","43.30","43.57","43.26","10.65M","1.00%"
"12/24/2019","43.12","43.10","43.17","43.03","4.77M","0.19%"
"12/23/2019","43.04","43.00","43.12","42.94","8.70M","-0.09%"
"12/20/2019","43.08","43.06","43.21","43.03","26.13M","0.40%"
"12/19/2019","42.91","42.77","42.93","42.76","10.95M","-0.21%"
"12/18/2019","43.00","43.03","43.06","42.95","11.47M","0.28%"
"12/17/2019","42.88","42.78","42.98","42.73","27.13M","1.28%"
"12/16/2019","42.34","42.35","42.41","42.26","26.71M","-0.61%"
"12/13/2019","42.60","42.94","43.38","42.59","55.19M","-0.42%"
"12/12/2019","42.78","41.98","42.83","41.96","62.30M","1.91%"
"12/11/2019","41.98","41.71","42.07","41.67","38.23M","1.87%"
"12/10/2019","41.21","41.21","41.29","41.13","11.65M","0.39%"
"12/09/2019","41.05","41.27","41.34","41.05","15.29M","-0.46%"
"12/06/2019","41.24","41.35","41.39","41.22","17.50M","0.83%"
"12/05/2019","40.90","40.93","41.01","40.84","16.24M","0.05%"
"12/04/2019","40.88","40.91","40.97","40.85","14.38M","0.42%"
"12/03/2019","40.71","40.58","40.71","40.36","30.12M","-0.59%"
"12/02/2019","40.95","41.11","41.13","40.87","27.33M","0.02%"
"11/29/2019","40.94","40.96","41.03","40.85","26.28M","-2.69%"
"11/27/2019","42.07","42.01","42.12","41.94","12.30M","-0.09%"
"11/26/2019","42.11","41.96","42.16","41.81","21.05M","0.24%"
"11/25/2019","42.01","41.80","42.06","41.72","26.55M","1.67%"
"11/22/2019","41.32","41.43","41.44","41.20","14.73M","-0.17%"
"11/21/2019","41.39","41.22","41.39","41.11","20.58M","-0.14%"
"11/20/2019","41.45","41.57","41.68","41.29","24.39M","-0.55%"
"11/19/2019","41.68","41.83","41.86","41.58","27.55M","1.02%"
"11/18/2019","41.26","41.35","41.41","41.25","14.65M","0.32%"
"11/15/2019","41.13","41.06","41.18","41.00","23.76M","0.22%"
"11/14/2019","41.04","40.98","41.08","40.81","25.87M","-0.27%"
"11/13/2019","41.15","41.05","41.27","41.02","31.49M","-1.34%"
"11/12/2019","41.71","41.88","41.95","41.62","26.73M","-0.88%"
"11/11/2019","42.08","41.78","42.09","41.77","22.99M","-1.54%"
"11/08/2019","42.74","42.80","42.88","42.59","33.88M","-0.72%"
"11/07/2019","43.05","43.07","43.27","42.96","32.37M","0.84%"
"11/06/2019","42.69","42.90","42.95","42.65","22.24M","-0.19%"
"11/05/2019","42.77","42.77","42.83","42.64","22.27M","0.61%"
"11/04/2019","42.51","42.65","42.71","42.45","30.08M","1.21%"
"11/01/2019","42.00","41.83","42.05","41.80","31.61M","2.07%"
"10/31/2019","41.15","41.30","41.31","40.96","24.68M","-0.44%"
"10/30/2019","41.33","41.18","41.40","41.00","22.95M","-0.31%"
"10/29/2019","41.46","41.38","41.56","41.37","16.52M","-1.00%"
"10/28/2019","41.88","41.87","41.98","41.86","22.89M","0.94%"
"10/25/2019","41.49","41.20","41.55","41.19","18.29M","0.63%"
"10/24/2019","41.23","41.36","41.37","41.18","14.12M","-0.07%"
"10/23/2019","41.26","41.13","41.30","41.06","16.02M","-0.29%"
"10/22/2019","41.38","41.41","41.50","41.36","15.97M","-0.81%"
"10/21/2019","41.72","41.65","41.72","41.52","18.64M","1.16%"
"10/18/2019","41.24","41.46","41.59","41.24","25.35M","-1.08%"
"10/17/2019","41.69","41.77","41.80","41.63","16.76M","0.41%"
"10/16/2019","41.52","41.46","41.61","41.40","16.28M","-0.05%"
"10/15/2019","41.54","41.35","41.70","41.33","23.09M","0.95%"
"10/14/2019","41.15","41.34","41.38","41.15","12.16M","-0.44%"